/*********************************************************/
/* Insertamos datos de ejemplo para todas las tablas     */
/*********************************************************/


USE `abp35_padelweb`;

-- tabla USUARIO

INSERT INTO usuario(LOGIN,NOMBRE,PASSWORD,FECHA_NAC,TELEFONO,EMAIL,GENERO,PERMISO) VALUES ('gacelasoto','Andres','contraseña','1995-01-29','666666666','gacelasoto@padelweb.net','masculino',0);
INSERT INTO usuario(LOGIN,NOMBRE,PASSWORD,FECHA_NAC,TELEFONO,EMAIL,GENERO,PERMISO) VALUES ('asconcepcion','Andrew','contraseña','1995-01-29','666666666','andrew@padelweb.net','masculino',0);
INSERT INTO usuario(LOGIN,NOMBRE,PASSWORD,FECHA_NAC,TELEFONO,EMAIL,GENERO,PERMISO) VALUES ('john','John','contraseña','1995-01-29','666666666','john@padelweb.net','masculino',0);
INSERT INTO usuario(LOGIN,NOMBRE,PASSWORD,FECHA_NAC,TELEFONO,EMAIL,GENERO,PERMISO) VALUES ('tommy','Thomas','contraseña','1995-01-29','666666666','thomas@padelweb.net','masculino',0);
INSERT INTO usuario(LOGIN,NOMBRE,PASSWORD,FECHA_NAC,TELEFONO,EMAIL,GENERO,PERMISO) VALUES ('arthur','Arturo','contraseña','1995-01-29','666666666','arturo@padelweb.net','masculino',0);
INSERT INTO usuario(LOGIN,NOMBRE,PASSWORD,FECHA_NAC,TELEFONO,EMAIL,GENERO,PERMISO) VALUES ('elliot','Elias','contraseña','1995-01-29','666666666','elias@padelweb.net','masculino',0);
INSERT INTO usuario(LOGIN,NOMBRE,PASSWORD,FECHA_NAC,TELEFONO,EMAIL,GENERO,PERMISO) VALUES ('joaquin','Joaquin','contraseña','1995-01-29','666666666','joaquin@padelweb.net','masculino',0);
INSERT INTO usuario(LOGIN,NOMBRE,PASSWORD,FECHA_NAC,TELEFONO,EMAIL,GENERO,PERMISO) VALUES ('benancio','Benancio','contraseña','1995-01-29','666666666','benancio@padelweb.net','masculino',0);
INSERT INTO usuario(LOGIN,NOMBRE,PASSWORD,FECHA_NAC,TELEFONO,EMAIL,GENERO,PERMISO) VALUES ('adam','Adam','contraseña','1995-01-29','666666666','adam@padelweb.net','masculino',0);
INSERT INTO usuario(LOGIN,NOMBRE,PASSWORD,FECHA_NAC,TELEFONO,EMAIL,GENERO,PERMISO) VALUES ('paul','Pablo','contraseña','1995-01-29','666666666','pablo@padelweb.net','masculino',0);
INSERT INTO usuario(LOGIN,NOMBRE,PASSWORD,FECHA_NAC,TELEFONO,EMAIL,GENERO,PERMISO) VALUES ('walther','Walter','contraseña','1995-01-29','666666666','walther@padelweb.net','masculino',0);
INSERT INTO usuario(LOGIN,NOMBRE,PASSWORD,FECHA_NAC,TELEFONO,EMAIL,GENERO,PERMISO) VALUES ('jesse','Jesse','contraseña','1995-01-29','666666666','jesse@padelweb.net','masculino',0);
INSERT INTO usuario(LOGIN,NOMBRE,PASSWORD,FECHA_NAC,TELEFONO,EMAIL,GENERO,PERMISO) VALUES ('gus','Gus','contraseña','1995-01-29','666666666','gus@padelweb.net','masculino',0);
INSERT INTO usuario(LOGIN,NOMBRE,PASSWORD,FECHA_NAC,TELEFONO,EMAIL,GENERO,PERMISO) VALUES ('hank','Hank','contraseña','1995-01-29','666666666','hank@padelweb.net','masculino',0);
INSERT INTO usuario(LOGIN,NOMBRE,PASSWORD,FECHA_NAC,TELEFONO,EMAIL,GENERO,PERMISO) VALUES ('todd','Todd','contraseña','1995-01-29','666666666','todd@padelweb.net','masculino',0);
INSERT INTO usuario(LOGIN,NOMBRE,PASSWORD,FECHA_NAC,TELEFONO,EMAIL,GENERO,PERMISO) VALUES ('max','Max','contraseña','1995-01-29','666666666','max@padelweb.net','masculino',0);
INSERT INTO usuario(LOGIN,NOMBRE,PASSWORD,FECHA_NAC,TELEFONO,EMAIL,GENERO,PERMISO) VALUES ('alex','Alex','contraseña','1995-01-29','666666666','alex@padelweb.net','masculino',0);
INSERT INTO usuario(LOGIN,NOMBRE,PASSWORD,FECHA_NAC,TELEFONO,EMAIL,GENERO,PERMISO) VALUES ('oscar','Oscar','contraseña','1995-01-29','666666666','oscar@padelweb.net','masculino',0);
INSERT INTO usuario(LOGIN,NOMBRE,PASSWORD,FECHA_NAC,TELEFONO,EMAIL,GENERO,PERMISO) VALUES ('robert','Robert','contraseña','1995-01-29','666666666','robert@padelweb.net','masculino',0);
INSERT INTO usuario(LOGIN,NOMBRE,PASSWORD,FECHA_NAC,TELEFONO,EMAIL,GENERO,PERMISO) VALUES ('patricio','Patricio','contraseña','1995-01-29','666666666','patricio@padelweb.net','masculino',0);
INSERT INTO usuario(LOGIN,NOMBRE,PASSWORD,FECHA_NAC,TELEFONO,EMAIL,GENERO,PERMISO) VALUES ('pitbull','Pitbull','contraseña','1995-01-29','666666666','pitbull@padelweb.net','masculino',0);
INSERT INTO usuario(LOGIN,NOMBRE,PASSWORD,FECHA_NAC,TELEFONO,EMAIL,GENERO,PERMISO) VALUES ('axel','Axel','contraseña','1995-01-29','666666666','axel@padelweb.net','masculino',0);
INSERT INTO usuario(LOGIN,NOMBRE,PASSWORD,FECHA_NAC,TELEFONO,EMAIL,GENERO,PERMISO) VALUES ('slash','Slash','contraseña','1995-01-29','666666666','slash@padelweb.net','masculino',0);
INSERT INTO usuario(LOGIN,NOMBRE,PASSWORD,FECHA_NAC,TELEFONO,EMAIL,GENERO,PERMISO) VALUES ('izzy','Izzy','contraseña','1995-01-29','666666666','izzy@padelweb.net','masculino',0);
INSERT INTO usuario(LOGIN,NOMBRE,PASSWORD,FECHA_NAC,TELEFONO,EMAIL,GENERO,PERMISO) VALUES ('ozzy','Ozzy','contraseña','1995-01-29','666666666','ozzy@padelweb.net','masculino',0);
INSERT INTO usuario(LOGIN,NOMBRE,PASSWORD,FECHA_NAC,TELEFONO,EMAIL,GENERO,PERMISO) VALUES ('jimmy','Jimmy','contraseña','1995-01-29','666666666','jimmy@padelweb.net','masculino',0);
INSERT INTO usuario(LOGIN,NOMBRE,PASSWORD,FECHA_NAC,TELEFONO,EMAIL,GENERO,PERMISO) VALUES ('stevie','Stevie','contraseña','1995-01-29','666666666','stevie@padelweb.net','masculino',0);
INSERT INTO usuario(LOGIN,NOMBRE,PASSWORD,FECHA_NAC,TELEFONO,EMAIL,GENERO,PERMISO) VALUES ('rodolfo','Rodolfo','contraseña','1995-01-29','666666666','rodolfo@padelweb.net','masculino',0);
INSERT INTO usuario(LOGIN,NOMBRE,PASSWORD,FECHA_NAC,TELEFONO,EMAIL,GENERO,PERMISO) VALUES ('omar','Omar','contraseña','1995-01-29','666666666','omar@padelweb.net','masculino',0);
INSERT INTO usuario(LOGIN,NOMBRE,PASSWORD,FECHA_NAC,TELEFONO,EMAIL,GENERO,PERMISO) VALUES ('javier','Javier','contraseña','1995-01-29','666666666','javier@padelweb.net','masculino',0);
INSERT INTO usuario(LOGIN,NOMBRE,PASSWORD,FECHA_NAC,TELEFONO,EMAIL,GENERO,PERMISO) VALUES ('alvaro','Alvaro','contraseña','1995-01-29','666666666','alvaro@padelweb.net','masculino',0);
INSERT INTO usuario(LOGIN,NOMBRE,PASSWORD,FECHA_NAC,TELEFONO,EMAIL,GENERO,PERMISO) VALUES ('jaime','Jaime','contraseña','1995-01-29','666666666','jaime@padelweb.net','masculino',0);
INSERT INTO usuario(LOGIN,NOMBRE,PASSWORD,FECHA_NAC,TELEFONO,EMAIL,GENERO,PERMISO) VALUES ('rodrigo','Rodrigo','contraseña','1995-01-29','666666666','rodrigo@padelweb.net','masculino',0);
INSERT INTO usuario(LOGIN,NOMBRE,PASSWORD,FECHA_NAC,TELEFONO,EMAIL,GENERO,PERMISO) VALUES ('luis','Luis','contraseña','1995-01-29','666666666','luis@padelweb.net','masculino',0);
INSERT INTO usuario(LOGIN,NOMBRE,PASSWORD,FECHA_NAC,TELEFONO,EMAIL,GENERO,PERMISO) VALUES ('yago','Yago','contraseña','1995-01-29','666666666','yago@padelweb.net','masculino',0);
INSERT INTO usuario(LOGIN,NOMBRE,PASSWORD,FECHA_NAC,TELEFONO,EMAIL,GENERO,PERMISO) VALUES ('iago','Iago','contraseña','1995-01-29','666666666','iago@padelweb.net','masculino',0);
INSERT INTO usuario(LOGIN,NOMBRE,PASSWORD,FECHA_NAC,TELEFONO,EMAIL,GENERO,PERMISO) VALUES ('user1','user1','contraseña','1995-01-29','666666666','user1@padelweb.net','masculino',0);
INSERT INTO usuario(LOGIN,NOMBRE,PASSWORD,FECHA_NAC,TELEFONO,EMAIL,GENERO,PERMISO) VALUES ('user2','user2','contraseña','1995-01-29','666666666','user2@padelweb.net','masculino',0);
INSERT INTO usuario(LOGIN,NOMBRE,PASSWORD,FECHA_NAC,TELEFONO,EMAIL,GENERO,PERMISO) VALUES ('user3','user3','contraseña','1995-01-29','666666666','gacelasoto@hotmail.com','masculino',0);
INSERT INTO usuario(LOGIN,NOMBRE,PASSWORD,FECHA_NAC,TELEFONO,EMAIL,GENERO,PERMISO) VALUES ('user4','user4','contraseña','1995-01-29','666666666','user4@padelweb.net','masculino',0);




INSERT INTO usuario(LOGIN,NOMBRE,PASSWORD,FECHA_NAC,TELEFONO,EMAIL,GENERO,PERMISO) VALUES ('paulapeppers','Paula','contraseña','1995-01-29','666666666','paula@padelweb.net','femenino',0);
INSERT INTO usuario(LOGIN,NOMBRE,PASSWORD,FECHA_NAC,TELEFONO,EMAIL,GENERO,PERMISO) VALUES ('darlene','Darlene','contraseña','1995-01-29','666666666','darlene@padelweb.net','femenino',0);
INSERT INTO usuario(LOGIN,NOMBRE,PASSWORD,FECHA_NAC,TELEFONO,EMAIL,GENERO,PERMISO) VALUES ('lucia','Lucia','contraseña','1995-01-29','666666666','lucia@padelweb.net','femenino',0);
INSERT INTO usuario(LOGIN,NOMBRE,PASSWORD,FECHA_NAC,TELEFONO,EMAIL,GENERO,PERMISO) VALUES ('leslie','Uxia','contraseña','1995-01-29','666666666','uxia@padelweb.net','femenino',0);
INSERT INTO usuario(LOGIN,NOMBRE,PASSWORD,FECHA_NAC,TELEFONO,EMAIL,GENERO,PERMISO) VALUES ('marie','Marie','contraseña','1995-01-29','666666666','marie@padelweb.net','femenino',0);
INSERT INTO usuario(LOGIN,NOMBRE,PASSWORD,FECHA_NAC,TELEFONO,EMAIL,GENERO,PERMISO) VALUES ('skyler','Skyler','contraseña','1995-01-29','666666666','skyler@padelweb.net','femenino',0);
INSERT INTO usuario(LOGIN,NOMBRE,PASSWORD,FECHA_NAC,TELEFONO,EMAIL,GENERO,PERMISO) VALUES ('sarah','Sarah','contraseña','1995-01-29','666666666','sarah@padelweb.net','femenino',0);
INSERT INTO usuario(LOGIN,NOMBRE,PASSWORD,FECHA_NAC,TELEFONO,EMAIL,GENERO,PERMISO) VALUES ('laura','Laura','contraseña','1995-01-29','666666666','laura@padelweb.net','femenino',0);
INSERT INTO usuario(LOGIN,NOMBRE,PASSWORD,FECHA_NAC,TELEFONO,EMAIL,GENERO,PERMISO) VALUES ('bea','Bea','contraseña','1995-01-29','666666666','bea@padelweb.net','femenino',0);
INSERT INTO usuario(LOGIN,NOMBRE,PASSWORD,FECHA_NAC,TELEFONO,EMAIL,GENERO,PERMISO) VALUES ('lucy','Lucy','contraseña','1995-01-29','666666666','lucy@padelweb.net','femenino',0);
INSERT INTO usuario(LOGIN,NOMBRE,PASSWORD,FECHA_NAC,TELEFONO,EMAIL,GENERO,PERMISO) VALUES ('clara','Clara','contraseña','1995-01-29','666666666','clara@padelweb.net','femenino',0);
INSERT INTO usuario(LOGIN,NOMBRE,PASSWORD,FECHA_NAC,TELEFONO,EMAIL,GENERO,PERMISO) VALUES ('leticia','Leticia','contraseña','1995-01-29','666666666','leticia@padelweb.net','femenino',0);
INSERT INTO usuario(LOGIN,NOMBRE,PASSWORD,FECHA_NAC,TELEFONO,EMAIL,GENERO,PERMISO) VALUES ('paloma','Paloma','contraseña','1995-01-29','666666666','paloma@padelweb.net','femenino',0);
INSERT INTO usuario(LOGIN,NOMBRE,PASSWORD,FECHA_NAC,TELEFONO,EMAIL,GENERO,PERMISO) VALUES ('ana','Ana','contraseña','1995-01-29','666666666','ana@padelweb.net','femenino',0);
INSERT INTO usuario(LOGIN,NOMBRE,PASSWORD,FECHA_NAC,TELEFONO,EMAIL,GENERO,PERMISO) VALUES ('claudia','Claudia','contraseña','1995-01-29','666666666','claudia@padelweb.net','femenino',0);
INSERT INTO usuario(LOGIN,NOMBRE,PASSWORD,FECHA_NAC,TELEFONO,EMAIL,GENERO,PERMISO) VALUES ('mar','Mar','contraseña','1995-01-29','666666666','mar@padelweb.net','femenino',0);
INSERT INTO usuario(LOGIN,NOMBRE,PASSWORD,FECHA_NAC,TELEFONO,EMAIL,GENERO,PERMISO) VALUES ('lara','Lara','contraseña','1995-01-29','666666666','lara@padelweb.net','femenino',0);
INSERT INTO usuario(LOGIN,NOMBRE,PASSWORD,FECHA_NAC,TELEFONO,EMAIL,GENERO,PERMISO) VALUES ('marga','Marga','contraseña','1995-01-29','666666666','marga@padelweb.net','femenino',0);
INSERT INTO usuario(LOGIN,NOMBRE,PASSWORD,FECHA_NAC,TELEFONO,EMAIL,GENERO,PERMISO) VALUES ('concha','Concha','contraseña','1995-01-29','666666666','concha@padelweb.net','femenino',0);
INSERT INTO usuario(LOGIN,NOMBRE,PASSWORD,FECHA_NAC,TELEFONO,EMAIL,GENERO,PERMISO) VALUES ('marta','Marta','contraseña','1995-01-29','666666666','marta@padelweb.net','femenino',0);
INSERT INTO usuario(LOGIN,NOMBRE,PASSWORD,FECHA_NAC,TELEFONO,EMAIL,GENERO,PERMISO) VALUES ('user5','user5','contraseña','1995-01-29','666666666','user5@padelweb.net','femenino',0);
INSERT INTO usuario(LOGIN,NOMBRE,PASSWORD,FECHA_NAC,TELEFONO,EMAIL,GENERO,PERMISO) VALUES ('user6','user6','contraseña','1995-01-29','666666666','user6@padelweb.net','femenino',0);
INSERT INTO usuario(LOGIN,NOMBRE,PASSWORD,FECHA_NAC,TELEFONO,EMAIL,GENERO,PERMISO) VALUES ('user7','user7','contraseña','1995-01-29','666666666','user7@padelweb.net','femenino',0);
INSERT INTO usuario(LOGIN,NOMBRE,PASSWORD,FECHA_NAC,TELEFONO,EMAIL,GENERO,PERMISO) VALUES ('user8','user8','contraseña','1995-01-29','666666666','user8@padelweb.net','femenino',0);

INSERT INTO usuario(LOGIN,NOMBRE,PASSWORD,FECHA_NAC,TELEFONO,EMAIL,GENERO,PERMISO) VALUES ('user9','user9','contraseña','1995-01-29','666666666','user9@padelweb.net','femenino',0);
INSERT INTO usuario(LOGIN,NOMBRE,PASSWORD,FECHA_NAC,TELEFONO,EMAIL,GENERO,PERMISO) VALUES ('user10','user10','contraseña','1995-01-29','666666666','user10@padelweb.net','femenino',0);
INSERT INTO usuario(LOGIN,NOMBRE,PASSWORD,FECHA_NAC,TELEFONO,EMAIL,GENERO,PERMISO) VALUES ('user11','user11','contraseña','1995-01-29','666666666','user11@padelweb.net','femenino',0);
INSERT INTO usuario(LOGIN,NOMBRE,PASSWORD,FECHA_NAC,TELEFONO,EMAIL,GENERO,PERMISO) VALUES ('user12','user12','contraseña','1995-01-29','666666666','user12@padelweb.net','femenino',0);
INSERT INTO usuario(LOGIN,NOMBRE,PASSWORD,FECHA_NAC,TELEFONO,EMAIL,GENERO,PERMISO) VALUES ('user13','user13','contraseña','1995-01-29','666666666','user13@padelweb.net','femenino',0);
INSERT INTO usuario(LOGIN,NOMBRE,PASSWORD,FECHA_NAC,TELEFONO,EMAIL,GENERO,PERMISO) VALUES ('user14','user14','contraseña','1995-01-29','666666666','user14@padelweb.net','femenino',0);
INSERT INTO usuario(LOGIN,NOMBRE,PASSWORD,FECHA_NAC,TELEFONO,EMAIL,GENERO,PERMISO) VALUES ('user15','user15','contraseña','1995-01-29','666666666','user15@padelweb.net','femenino',0);
INSERT INTO usuario(LOGIN,NOMBRE,PASSWORD,FECHA_NAC,TELEFONO,EMAIL,GENERO,PERMISO) VALUES ('user16','user16','contraseña','1995-01-29','666666666','user16@padelweb.net','femenino',0);
INSERT INTO usuario(LOGIN,NOMBRE,PASSWORD,FECHA_NAC,TELEFONO,EMAIL,GENERO,PERMISO) VALUES ('user17','user17','contraseña','1995-01-29','666666666','user17@padelweb.net','femenino',0);





-- tabla PISTA
INSERT INTO pista(ID_PISTA,ESTADO) VALUES (1,1);
INSERT INTO pista(ID_PISTA,ESTADO) VALUES (2,1);
INSERT INTO pista(ID_PISTA,ESTADO) VALUES (3,1);
INSERT INTO pista(ID_PISTA,ESTADO) VALUES (4,1);
INSERT INTO pista(ID_PISTA,ESTADO) VALUES (5,1);
INSERT INTO pista(ID_PISTA,ESTADO) VALUES (6,1);
INSERT INTO pista(ID_PISTA,ESTADO) VALUES (7,0);





-- tabla CAMPEONATO

INSERT INTO campeonato (ID_CAMPEONATO,NOMBRE,FECHA_INICIO,FECHA_FIN,FECHA_INICIO_INSCRIPCIONES,FECHA_FIN_INSCRIPCIONES) VALUES (1,'ROLAND','2019-10-01 09:00:00','2019-10-31 23:59:59','2019-09-01 09:00:00','2019-09-30 23:59:59'); -- ya jugado
INSERT INTO campeonato (ID_CAMPEONATO,NOMBRE,FECHA_INICIO,FECHA_FIN,FECHA_INICIO_INSCRIPCIONES,FECHA_FIN_INSCRIPCIONES) VALUES (2,'MASTERS','2019-11-01 09:00:00','2020-02-28 23:59:59','2019-10-01 09:00:00','2019-10-31 23:59:59'); -- jugandose
INSERT INTO campeonato (ID_CAMPEONATO,NOMBRE,FECHA_INICIO,FECHA_FIN,FECHA_INICIO_INSCRIPCIONES,FECHA_FIN_INSCRIPCIONES) VALUES (3,'OPEN','2020-03-01 09:00:00','2020-03-31 23:59:59','2019-11-01 09:00:00','2019-11-15 23:59:59'); -- cerrado para generar grupos

INSERT INTO campeonato (ID_CAMPEONATO,NOMBRE,FECHA_INICIO,FECHA_FIN,FECHA_INICIO_INSCRIPCIONES,FECHA_FIN_INSCRIPCIONES) VALUES (4,'OURENSE','2020-06-01 09:00:00','2020-07-31 23:59:59','2019-11-01 09:00:00','2020-01-31 23:59:59'); -- inscripciones abiertas






-- tabla RESERVA
INSERT INTO reserva (ID_RESERVA,ID_PISTA,HORA,FECHA,LOGIN) VALUES (1,1,'10:30:00','2020-02-15','admin');



-- reservas ROLAND

-- 1M
INSERT INTO reserva (ID_RESERVA,ID_PISTA,HORA,FECHA,LOGIN) VALUES (2,1,'09:00:00','2019-10-01','admin');
INSERT INTO reserva (ID_RESERVA,ID_PISTA,HORA,FECHA,LOGIN) VALUES (3,1,'09:00:00','2019-10-04','admin');
INSERT INTO reserva (ID_RESERVA,ID_PISTA,HORA,FECHA,LOGIN) VALUES (4,1,'09:00:00','2019-10-07','admin');
INSERT INTO reserva (ID_RESERVA,ID_PISTA,HORA,FECHA,LOGIN) VALUES (5,1,'09:00:00','2019-10-10','admin');
INSERT INTO reserva (ID_RESERVA,ID_PISTA,HORA,FECHA,LOGIN) VALUES (6,1,'09:00:00','2019-10-13','admin');
INSERT INTO reserva (ID_RESERVA,ID_PISTA,HORA,FECHA,LOGIN) VALUES (7,1,'09:00:00','2019-10-16','admin');
INSERT INTO reserva (ID_RESERVA,ID_PISTA,HORA,FECHA,LOGIN) VALUES (8,1,'09:00:00','2019-10-19','admin');

INSERT INTO reserva (ID_RESERVA,ID_PISTA,HORA,FECHA,LOGIN) VALUES (9,1,'09:00:00','2019-10-02','admin');
INSERT INTO reserva (ID_RESERVA,ID_PISTA,HORA,FECHA,LOGIN) VALUES (10,1,'09:00:00','2019-10-05','admin');
INSERT INTO reserva (ID_RESERVA,ID_PISTA,HORA,FECHA,LOGIN) VALUES (11,1,'09:00:00','2019-10-08','admin');
INSERT INTO reserva (ID_RESERVA,ID_PISTA,HORA,FECHA,LOGIN) VALUES (12,1,'09:00:00','2019-10-11','admin');
INSERT INTO reserva (ID_RESERVA,ID_PISTA,HORA,FECHA,LOGIN) VALUES (13,1,'09:00:00','2019-10-14','admin');
INSERT INTO reserva (ID_RESERVA,ID_PISTA,HORA,FECHA,LOGIN) VALUES (14,1,'09:00:00','2019-10-17','admin');

INSERT INTO reserva (ID_RESERVA,ID_PISTA,HORA,FECHA,LOGIN) VALUES (15,1,'09:00:00','2019-10-03','admin');
INSERT INTO reserva (ID_RESERVA,ID_PISTA,HORA,FECHA,LOGIN) VALUES (16,1,'09:00:00','2019-10-06','admin');
INSERT INTO reserva (ID_RESERVA,ID_PISTA,HORA,FECHA,LOGIN) VALUES (17,1,'09:00:00','2019-10-09','admin');
INSERT INTO reserva (ID_RESERVA,ID_PISTA,HORA,FECHA,LOGIN) VALUES (18,1,'09:00:00','2019-10-12','admin');
INSERT INTO reserva (ID_RESERVA,ID_PISTA,HORA,FECHA,LOGIN) VALUES (19,1,'09:00:00','2019-10-15','admin');

INSERT INTO reserva (ID_RESERVA,ID_PISTA,HORA,FECHA,LOGIN) VALUES (20,2,'09:00:00','2019-10-04','admin');
INSERT INTO reserva (ID_RESERVA,ID_PISTA,HORA,FECHA,LOGIN) VALUES (21,2,'09:00:00','2019-10-07','admin');
INSERT INTO reserva (ID_RESERVA,ID_PISTA,HORA,FECHA,LOGIN) VALUES (22,2,'09:00:00','2019-10-10','admin');
INSERT INTO reserva (ID_RESERVA,ID_PISTA,HORA,FECHA,LOGIN) VALUES (23,2,'09:00:00','2019-10-13','admin');

INSERT INTO reserva (ID_RESERVA,ID_PISTA,HORA,FECHA,LOGIN) VALUES (24,2,'09:00:00','2019-10-05','admin');
INSERT INTO reserva (ID_RESERVA,ID_PISTA,HORA,FECHA,LOGIN) VALUES (25,2,'09:00:00','2019-10-08','admin');
INSERT INTO reserva (ID_RESERVA,ID_PISTA,HORA,FECHA,LOGIN) VALUES (26,2,'09:00:00','2019-10-11','admin');

INSERT INTO reserva (ID_RESERVA,ID_PISTA,HORA,FECHA,LOGIN) VALUES (27,2,'09:00:00','2019-10-06','admin');
INSERT INTO reserva (ID_RESERVA,ID_PISTA,HORA,FECHA,LOGIN) VALUES (28,2,'09:00:00','2019-10-09','admin');

INSERT INTO reserva (ID_RESERVA,ID_PISTA,HORA,FECHA,LOGIN) VALUES (29,3,'09:00:00','2019-10-07','admin');






-- 1F
INSERT INTO reserva (ID_RESERVA,ID_PISTA,HORA,FECHA,LOGIN) VALUES (30,1,'10:30:00','2019-10-01','admin');
INSERT INTO reserva (ID_RESERVA,ID_PISTA,HORA,FECHA,LOGIN) VALUES (31,1,'10:30:00','2019-10-04','admin');
INSERT INTO reserva (ID_RESERVA,ID_PISTA,HORA,FECHA,LOGIN) VALUES (32,1,'10:30:00','2019-10-07','admin');
INSERT INTO reserva (ID_RESERVA,ID_PISTA,HORA,FECHA,LOGIN) VALUES (33,1,'10:30:00','2019-10-10','admin');
INSERT INTO reserva (ID_RESERVA,ID_PISTA,HORA,FECHA,LOGIN) VALUES (34,1,'10:30:00','2019-10-13','admin');
INSERT INTO reserva (ID_RESERVA,ID_PISTA,HORA,FECHA,LOGIN) VALUES (35,1,'10:30:00','2019-10-16','admin');
INSERT INTO reserva (ID_RESERVA,ID_PISTA,HORA,FECHA,LOGIN) VALUES (36,1,'10:30:00','2019-10-19','admin');

INSERT INTO reserva (ID_RESERVA,ID_PISTA,HORA,FECHA,LOGIN) VALUES (37,1,'10:30:00','2019-10-02','admin');
INSERT INTO reserva (ID_RESERVA,ID_PISTA,HORA,FECHA,LOGIN) VALUES (38,1,'10:30:00','2019-10-05','admin');
INSERT INTO reserva (ID_RESERVA,ID_PISTA,HORA,FECHA,LOGIN) VALUES (39,1,'10:30:00','2019-10-08','admin');
INSERT INTO reserva (ID_RESERVA,ID_PISTA,HORA,FECHA,LOGIN) VALUES (40,1,'10:30:00','2019-10-11','admin');
INSERT INTO reserva (ID_RESERVA,ID_PISTA,HORA,FECHA,LOGIN) VALUES (41,1,'10:30:00','2019-10-14','admin');
INSERT INTO reserva (ID_RESERVA,ID_PISTA,HORA,FECHA,LOGIN) VALUES (42,1,'10:30:00','2019-10-17','admin');

INSERT INTO reserva (ID_RESERVA,ID_PISTA,HORA,FECHA,LOGIN) VALUES (43,1,'10:30:00','2019-10-03','admin');
INSERT INTO reserva (ID_RESERVA,ID_PISTA,HORA,FECHA,LOGIN) VALUES (44,1,'10:30:00','2019-10-06','admin');
INSERT INTO reserva (ID_RESERVA,ID_PISTA,HORA,FECHA,LOGIN) VALUES (45,1,'10:30:00','2019-10-09','admin');
INSERT INTO reserva (ID_RESERVA,ID_PISTA,HORA,FECHA,LOGIN) VALUES (46,1,'10:30:00','2019-10-12','admin');
INSERT INTO reserva (ID_RESERVA,ID_PISTA,HORA,FECHA,LOGIN) VALUES (47,1,'10:30:00','2019-10-15','admin');

INSERT INTO reserva (ID_RESERVA,ID_PISTA,HORA,FECHA,LOGIN) VALUES (48,2,'10:30:00','2019-10-04','admin');
INSERT INTO reserva (ID_RESERVA,ID_PISTA,HORA,FECHA,LOGIN) VALUES (49,2,'10:30:00','2019-10-07','admin');
INSERT INTO reserva (ID_RESERVA,ID_PISTA,HORA,FECHA,LOGIN) VALUES (50,2,'10:30:00','2019-10-10','admin');
INSERT INTO reserva (ID_RESERVA,ID_PISTA,HORA,FECHA,LOGIN) VALUES (51,2,'10:30:00','2019-10-13','admin');

INSERT INTO reserva (ID_RESERVA,ID_PISTA,HORA,FECHA,LOGIN) VALUES (52,2,'10:30:00','2019-10-05','admin');
INSERT INTO reserva (ID_RESERVA,ID_PISTA,HORA,FECHA,LOGIN) VALUES (53,2,'10:30:00','2019-10-08','admin');
INSERT INTO reserva (ID_RESERVA,ID_PISTA,HORA,FECHA,LOGIN) VALUES (54,2,'10:30:00','2019-10-11','admin');

INSERT INTO reserva (ID_RESERVA,ID_PISTA,HORA,FECHA,LOGIN) VALUES (55,2,'10:30:00','2019-10-06','admin');
INSERT INTO reserva (ID_RESERVA,ID_PISTA,HORA,FECHA,LOGIN) VALUES (56,2,'10:30:00','2019-10-09','admin');

INSERT INTO reserva (ID_RESERVA,ID_PISTA,HORA,FECHA,LOGIN) VALUES (57,3,'10:30:00','2019-10-07','admin');



-- 1MX
INSERT INTO reserva (ID_RESERVA,ID_PISTA,HORA,FECHA,LOGIN) VALUES (58,1,'12:00:00','2019-10-01','admin');
INSERT INTO reserva (ID_RESERVA,ID_PISTA,HORA,FECHA,LOGIN) VALUES (59,1,'12:00:00','2019-10-04','admin');
INSERT INTO reserva (ID_RESERVA,ID_PISTA,HORA,FECHA,LOGIN) VALUES (60,1,'12:00:00','2019-10-07','admin');
INSERT INTO reserva (ID_RESERVA,ID_PISTA,HORA,FECHA,LOGIN) VALUES (61,1,'12:00:00','2019-10-10','admin');
INSERT INTO reserva (ID_RESERVA,ID_PISTA,HORA,FECHA,LOGIN) VALUES (62,1,'12:00:00','2019-10-13','admin');
INSERT INTO reserva (ID_RESERVA,ID_PISTA,HORA,FECHA,LOGIN) VALUES (63,1,'12:00:00','2019-10-16','admin');
INSERT INTO reserva (ID_RESERVA,ID_PISTA,HORA,FECHA,LOGIN) VALUES (64,1,'12:00:00','2019-10-19','admin');

INSERT INTO reserva (ID_RESERVA,ID_PISTA,HORA,FECHA,LOGIN) VALUES (65,1,'12:00:00','2019-10-02','admin');
INSERT INTO reserva (ID_RESERVA,ID_PISTA,HORA,FECHA,LOGIN) VALUES (66,1,'12:00:00','2019-10-05','admin');
INSERT INTO reserva (ID_RESERVA,ID_PISTA,HORA,FECHA,LOGIN) VALUES (67,1,'12:00:00','2019-10-08','admin');
INSERT INTO reserva (ID_RESERVA,ID_PISTA,HORA,FECHA,LOGIN) VALUES (68,1,'12:00:00','2019-10-11','admin');
INSERT INTO reserva (ID_RESERVA,ID_PISTA,HORA,FECHA,LOGIN) VALUES (69,1,'12:00:00','2019-10-14','admin');
INSERT INTO reserva (ID_RESERVA,ID_PISTA,HORA,FECHA,LOGIN) VALUES (70,1,'12:00:00','2019-10-17','admin');

INSERT INTO reserva (ID_RESERVA,ID_PISTA,HORA,FECHA,LOGIN) VALUES (71,1,'12:00:00','2019-10-03','admin');
INSERT INTO reserva (ID_RESERVA,ID_PISTA,HORA,FECHA,LOGIN) VALUES (72,1,'12:00:00','2019-10-06','admin');
INSERT INTO reserva (ID_RESERVA,ID_PISTA,HORA,FECHA,LOGIN) VALUES (73,1,'12:00:00','2019-10-09','admin');
INSERT INTO reserva (ID_RESERVA,ID_PISTA,HORA,FECHA,LOGIN) VALUES (74,1,'12:00:00','2019-10-12','admin');
INSERT INTO reserva (ID_RESERVA,ID_PISTA,HORA,FECHA,LOGIN) VALUES (75,1,'12:00:00','2019-10-15','admin');

INSERT INTO reserva (ID_RESERVA,ID_PISTA,HORA,FECHA,LOGIN) VALUES (76,2,'12:00:00','2019-10-04','admin');
INSERT INTO reserva (ID_RESERVA,ID_PISTA,HORA,FECHA,LOGIN) VALUES (77,2,'12:00:00','2019-10-07','admin');
INSERT INTO reserva (ID_RESERVA,ID_PISTA,HORA,FECHA,LOGIN) VALUES (78,2,'12:00:00','2019-10-10','admin');
INSERT INTO reserva (ID_RESERVA,ID_PISTA,HORA,FECHA,LOGIN) VALUES (79,2,'12:00:00','2019-10-13','admin');

INSERT INTO reserva (ID_RESERVA,ID_PISTA,HORA,FECHA,LOGIN) VALUES (80,2,'12:00:00','2019-10-05','admin');
INSERT INTO reserva (ID_RESERVA,ID_PISTA,HORA,FECHA,LOGIN) VALUES (81,2,'12:00:00','2019-10-08','admin');
INSERT INTO reserva (ID_RESERVA,ID_PISTA,HORA,FECHA,LOGIN) VALUES (82,2,'12:00:00','2019-10-11','admin');

INSERT INTO reserva (ID_RESERVA,ID_PISTA,HORA,FECHA,LOGIN) VALUES (83,2,'12:00:00','2019-10-06','admin');
INSERT INTO reserva (ID_RESERVA,ID_PISTA,HORA,FECHA,LOGIN) VALUES (84,2,'12:00:00','2019-10-09','admin');

INSERT INTO reserva (ID_RESERVA,ID_PISTA,HORA,FECHA,LOGIN) VALUES (85,3,'12:00:00','2019-10-07','admin');







-- reservas MASTERS
-- 1M

INSERT INTO reserva (ID_RESERVA,ID_PISTA,HORA,FECHA,LOGIN) VALUES (86,1,'09:00:00','2019-11-01','admin');
INSERT INTO reserva (ID_RESERVA,ID_PISTA,HORA,FECHA,LOGIN) VALUES (87,1,'09:00:00','2019-11-04','admin');
INSERT INTO reserva (ID_RESERVA,ID_PISTA,HORA,FECHA,LOGIN) VALUES (88,1,'09:00:00','2019-11-07','admin');
INSERT INTO reserva (ID_RESERVA,ID_PISTA,HORA,FECHA,LOGIN) VALUES (89,1,'09:00:00','2019-11-10','admin');
INSERT INTO reserva (ID_RESERVA,ID_PISTA,HORA,FECHA,LOGIN) VALUES (90,1,'09:00:00','2019-11-13','admin');
-- INSERT INTO reserva (ID_RESERVA,ID_PISTA,HORA,FECHA,LOGIN) VALUES (91,1,'09:00:00','2020-01-24','admin');	-- cambio	'2020-01-24','09:00:00'
INSERT INTO reserva (ID_RESERVA,ID_PISTA,HORA,FECHA,LOGIN) VALUES (92,1,'09:00:00','2020-01-25','admin');	-- cambio	'2020-01-25','09:00:00'

INSERT INTO reserva (ID_RESERVA,ID_PISTA,HORA,FECHA,LOGIN) VALUES (93,1,'09:00:00','2019-11-02','admin');
INSERT INTO reserva (ID_RESERVA,ID_PISTA,HORA,FECHA,LOGIN) VALUES (94,1,'09:00:00','2019-11-05','admin');
INSERT INTO reserva (ID_RESERVA,ID_PISTA,HORA,FECHA,LOGIN) VALUES (95,1,'09:00:00','2019-11-08','admin');
INSERT INTO reserva (ID_RESERVA,ID_PISTA,HORA,FECHA,LOGIN) VALUES (96,1,'09:00:00','2019-11-11','admin');
INSERT INTO reserva (ID_RESERVA,ID_PISTA,HORA,FECHA,LOGIN) VALUES (97,1,'09:00:00','2020-01-26','admin');	-- cambio	'2020-01-26','09:00:00'
INSERT INTO reserva (ID_RESERVA,ID_PISTA,HORA,FECHA,LOGIN) VALUES (98,1,'09:00:00','2020-01-27','admin');	-- cambio	'2020-01-27','09:00:00'

INSERT INTO reserva (ID_RESERVA,ID_PISTA,HORA,FECHA,LOGIN) VALUES (99,1,'09:00:00','2019-11-03','admin');
INSERT INTO reserva (ID_RESERVA,ID_PISTA,HORA,FECHA,LOGIN) VALUES (100,1,'09:00:00','2019-11-06','admin');
INSERT INTO reserva (ID_RESERVA,ID_PISTA,HORA,FECHA,LOGIN) VALUES (101,1,'09:00:00','2019-11-09','admin');
INSERT INTO reserva (ID_RESERVA,ID_PISTA,HORA,FECHA,LOGIN) VALUES (102,1,'09:00:00','2019-11-12','admin');
INSERT INTO reserva (ID_RESERVA,ID_PISTA,HORA,FECHA,LOGIN) VALUES (103,1,'09:00:00','2020-01-28','admin');	-- cambio	'2020-01-28','09:00:00'

INSERT INTO reserva (ID_RESERVA,ID_PISTA,HORA,FECHA,LOGIN) VALUES (104,2,'09:00:00','2019-11-04','admin');
INSERT INTO reserva (ID_RESERVA,ID_PISTA,HORA,FECHA,LOGIN) VALUES (105,2,'09:00:00','2019-11-07','admin');
INSERT INTO reserva (ID_RESERVA,ID_PISTA,HORA,FECHA,LOGIN) VALUES (106,2,'09:00:00','2019-11-10','admin');
INSERT INTO reserva (ID_RESERVA,ID_PISTA,HORA,FECHA,LOGIN) VALUES (107,2,'09:00:00','2019-11-13','admin');

INSERT INTO reserva (ID_RESERVA,ID_PISTA,HORA,FECHA,LOGIN) VALUES (108,2,'09:00:00','2019-11-05','admin');
INSERT INTO reserva (ID_RESERVA,ID_PISTA,HORA,FECHA,LOGIN) VALUES (109,2,'09:00:00','2019-11-08','admin');
INSERT INTO reserva (ID_RESERVA,ID_PISTA,HORA,FECHA,LOGIN) VALUES (110,2,'09:00:00','2019-11-11','admin');

INSERT INTO reserva (ID_RESERVA,ID_PISTA,HORA,FECHA,LOGIN) VALUES (111,2,'09:00:00','2019-11-06','admin');
INSERT INTO reserva (ID_RESERVA,ID_PISTA,HORA,FECHA,LOGIN) VALUES (112,2,'09:00:00','2019-11-09','admin');

INSERT INTO reserva (ID_RESERVA,ID_PISTA,HORA,FECHA,LOGIN) VALUES (113,3,'09:00:00','2019-11-07','admin');



-- 1MX
INSERT INTO reserva (ID_RESERVA,ID_PISTA,HORA,FECHA,LOGIN) VALUES (114,1,'10:30:00','2019-11-01','admin');
INSERT INTO reserva (ID_RESERVA,ID_PISTA,HORA,FECHA,LOGIN) VALUES (115,1,'10:30:00','2019-11-04','admin');
INSERT INTO reserva (ID_RESERVA,ID_PISTA,HORA,FECHA,LOGIN) VALUES (116,1,'10:30:00','2019-11-07','admin');
INSERT INTO reserva (ID_RESERVA,ID_PISTA,HORA,FECHA,LOGIN) VALUES (117,1,'10:30:00','2019-11-10','admin');
INSERT INTO reserva (ID_RESERVA,ID_PISTA,HORA,FECHA,LOGIN) VALUES (118,1,'10:30:00','2019-11-13','admin');


-- INSERT INTO reserva (ID_RESERVA,ID_PISTA,HORA,FECHA,LOGIN) VALUES (119,1,'10:30:00','2019-11-16','admin');	-- quitar
-- INSERT INTO reserva (ID_RESERVA,ID_PISTA,HORA,FECHA,LOGIN) VALUES (120,1,'10:30:00','2019-11-19','admin');	-- quitar

INSERT INTO reserva (ID_RESERVA,ID_PISTA,HORA,FECHA,LOGIN) VALUES (119,1,'10:30:00','2019-11-02','admin');
INSERT INTO reserva (ID_RESERVA,ID_PISTA,HORA,FECHA,LOGIN) VALUES (120,1,'10:30:00','2019-11-05','admin');
INSERT INTO reserva (ID_RESERVA,ID_PISTA,HORA,FECHA,LOGIN) VALUES (121,1,'10:30:00','2019-11-08','admin');
INSERT INTO reserva (ID_RESERVA,ID_PISTA,HORA,FECHA,LOGIN) VALUES (122,1,'10:30:00','2019-11-11','admin');
INSERT INTO reserva (ID_RESERVA,ID_PISTA,HORA,FECHA,LOGIN) VALUES (123,1,'10:30:00','2020-01-26','admin');	-- cambio	'2020-01-26','10:30:00'
INSERT INTO reserva (ID_RESERVA,ID_PISTA,HORA,FECHA,LOGIN) VALUES (124,1,'10:30:00','2019-11-17','admin');

INSERT INTO reserva (ID_RESERVA,ID_PISTA,HORA,FECHA,LOGIN) VALUES (125,1,'10:30:00','2019-11-03','admin');
INSERT INTO reserva (ID_RESERVA,ID_PISTA,HORA,FECHA,LOGIN) VALUES (126,1,'10:30:00','2019-11-06','admin');
INSERT INTO reserva (ID_RESERVA,ID_PISTA,HORA,FECHA,LOGIN) VALUES (127,1,'10:30:00','2019-11-09','admin');
INSERT INTO reserva (ID_RESERVA,ID_PISTA,HORA,FECHA,LOGIN) VALUES (128,1,'10:30:00','2020-01-28','admin');
INSERT INTO reserva (ID_RESERVA,ID_PISTA,HORA,FECHA,LOGIN) VALUES (129,1,'10:30:00','2020-01-28','admin');	-- cambio	'2020-01-28','10:30:00'

INSERT INTO reserva (ID_RESERVA,ID_PISTA,HORA,FECHA,LOGIN) VALUES (130,2,'10:30:00','2019-11-04','admin');
INSERT INTO reserva (ID_RESERVA,ID_PISTA,HORA,FECHA,LOGIN) VALUES (131,2,'10:30:00','2019-11-07','admin');
INSERT INTO reserva (ID_RESERVA,ID_PISTA,HORA,FECHA,LOGIN) VALUES (132,2,'10:30:00','2019-11-10','admin');
INSERT INTO reserva (ID_RESERVA,ID_PISTA,HORA,FECHA,LOGIN) VALUES (133,2,'10:30:00','2019-11-13','admin');

INSERT INTO reserva (ID_RESERVA,ID_PISTA,HORA,FECHA,LOGIN) VALUES (134,2,'10:30:00','2019-11-05','admin');
INSERT INTO reserva (ID_RESERVA,ID_PISTA,HORA,FECHA,LOGIN) VALUES (135,2,'10:30:00','2019-11-08','admin');
INSERT INTO reserva (ID_RESERVA,ID_PISTA,HORA,FECHA,LOGIN) VALUES (136,2,'10:30:00','2019-11-11','admin');

INSERT INTO reserva (ID_RESERVA,ID_PISTA,HORA,FECHA,LOGIN) VALUES (137,2,'10:30:00','2019-11-06','admin');
INSERT INTO reserva (ID_RESERVA,ID_PISTA,HORA,FECHA,LOGIN) VALUES (138,2,'10:30:00','2019-11-09','admin');

INSERT INTO reserva (ID_RESERVA,ID_PISTA,HORA,FECHA,LOGIN) VALUES (139,3,'10:30:00','2019-11-07','admin');



-- para partido promocionado
INSERT INTO reserva (ID_RESERVA,ID_PISTA,HORA,FECHA,LOGIN) VALUES (140,1,'18:00:00','2020-02-14','admin');


-- para comprobar promoción de partido sin pista disponible
INSERT INTO reserva (ID_RESERVA,ID_PISTA,HORA,FECHA,LOGIN) VALUES (141,1,'19:30:00','2020-01-27','lara');
INSERT INTO reserva (ID_RESERVA,ID_PISTA,HORA,FECHA,LOGIN) VALUES (142,2,'19:30:00','2020-01-27','asconcepcion');
INSERT INTO reserva (ID_RESERVA,ID_PISTA,HORA,FECHA,LOGIN) VALUES (143,3,'19:30:00','2020-01-27','paul');
INSERT INTO reserva (ID_RESERVA,ID_PISTA,HORA,FECHA,LOGIN) VALUES (144,4,'19:30:00','2020-01-27','john');
INSERT INTO reserva (ID_RESERVA,ID_PISTA,HORA,FECHA,LOGIN) VALUES (145,5,'19:30:00','2020-01-27','axel');
INSERT INTO reserva (ID_RESERVA,ID_PISTA,HORA,FECHA,LOGIN) VALUES (146,6,'19:30:00','2020-01-27','slash');

INSERT INTO reserva (ID_RESERVA,ID_PISTA,HORA,FECHA,LOGIN) VALUES (147,1,'09:00:00','2020-02-15','gacelasoto');
INSERT INTO reserva (ID_RESERVA,ID_PISTA,HORA,FECHA,LOGIN) VALUES (148,1,'12:00:00','2020-02-15','gacelasoto');
INSERT INTO reserva (ID_RESERVA,ID_PISTA,HORA,FECHA,LOGIN) VALUES (149,1,'13:30:00','2020-02-15','gacelasoto');
INSERT INTO reserva (ID_RESERVA,ID_PISTA,HORA,FECHA,LOGIN) VALUES (150,1,'10:30:00','2020-02-15','gacelasoto');

INSERT INTO reserva (ID_RESERVA,ID_PISTA,HORA,FECHA,LOGIN) VALUES (151,2,'12:00:00','2020-02-15','darlene');
INSERT INTO reserva (ID_RESERVA,ID_PISTA,HORA,FECHA,LOGIN) VALUES (152,2,'13:30:00','2020-02-15','darlene');
INSERT INTO reserva (ID_RESERVA,ID_PISTA,HORA,FECHA,LOGIN) VALUES (153,2,'15:00:00','2020-02-15','darlene');
INSERT INTO reserva (ID_RESERVA,ID_PISTA,HORA,FECHA,LOGIN) VALUES (154,2,'16:30:00','2020-02-15','darlene');
INSERT INTO reserva (ID_RESERVA,ID_PISTA,HORA,FECHA,LOGIN) VALUES (155,2,'18:00:00','2020-01-20','darlene');









-- tabla CAMPEONATO_CATEGORIA
INSERT INTO campeonato_categoria(ID_CATCAMP,ID_CAMPEONATO,ID_CATEGORIA,N_PLAZAS) VALUES (1,1,1,8); -- ROLAND 1 M 		1
INSERT INTO campeonato_categoria(ID_CATCAMP,ID_CAMPEONATO,ID_CATEGORIA,N_PLAZAS) VALUES (2,1,2,8); -- ROLAND 1 F		2
INSERT INTO campeonato_categoria(ID_CATCAMP,ID_CAMPEONATO,ID_CATEGORIA,N_PLAZAS) VALUES (3,1,3,8); -- ROLAND 1 MX 		3


INSERT INTO campeonato_categoria(ID_CATCAMP,ID_CAMPEONATO,ID_CATEGORIA,N_PLAZAS) VALUES (4,2,1,8); -- MASTERS 1 M 		4
INSERT INTO campeonato_categoria(ID_CATCAMP,ID_CAMPEONATO,ID_CATEGORIA,N_PLAZAS) VALUES (5,2,3,8); -- MASTERS 1 MX 		5


INSERT INTO campeonato_categoria(ID_CATCAMP,ID_CAMPEONATO,ID_CATEGORIA,N_PLAZAS) VALUES (6,3,1,8); -- OPEN 1 M 		6
INSERT INTO campeonato_categoria(ID_CATCAMP,ID_CAMPEONATO,ID_CATEGORIA,N_PLAZAS) VALUES (7,3,4,8); -- OPEN 2 M 		7

INSERT INTO campeonato_categoria(ID_CATCAMP,ID_CAMPEONATO,ID_CATEGORIA,N_PLAZAS) VALUES (8,4,1,8); -- OURENSE 1 M 		8
INSERT INTO campeonato_categoria(ID_CATCAMP,ID_CAMPEONATO,ID_CATEGORIA,N_PLAZAS) VALUES (9,4,3,8); -- OURENSE 1 MX 		9
INSERT INTO campeonato_categoria(ID_CATCAMP,ID_CAMPEONATO,ID_CATEGORIA,N_PLAZAS) VALUES (10,4,4,8); -- OURENSE 1 2M 		10







-- tabla GRUPO
INSERT INTO grupo(ID_GRUPO,ID_CATCAMP,NUMERO,N_PAREJAS) VALUES (1,1,1,8); -- GRUPO1 ROLAND 1 M 		1
INSERT INTO grupo(ID_GRUPO,ID_CATCAMP,NUMERO,N_PAREJAS) VALUES (2,1,2,8); -- GRUPO2 ROLAND 1 M 		2
INSERT INTO grupo(ID_GRUPO,ID_CATCAMP,NUMERO,N_PAREJAS) VALUES (3,1,3,8); -- GRUPO3 ROLAND 1 M 		3

INSERT INTO grupo(ID_GRUPO,ID_CATCAMP,NUMERO,N_PAREJAS) VALUES (4,2,1,8); -- GRUPO1 ROLAND 1 F 		4
INSERT INTO grupo(ID_GRUPO,ID_CATCAMP,NUMERO,N_PAREJAS) VALUES (5,2,2,8); -- GRUPO2 ROLAND 1 F 		5
INSERT INTO grupo(ID_GRUPO,ID_CATCAMP,NUMERO,N_PAREJAS) VALUES (6,2,3,8); -- GRUPO3 ROLAND 1 F 		6

INSERT INTO grupo(ID_GRUPO,ID_CATCAMP,NUMERO,N_PAREJAS) VALUES (7,3,1,8); -- GRUPO1 ROLAND 1 MX 	7
INSERT INTO grupo(ID_GRUPO,ID_CATCAMP,NUMERO,N_PAREJAS) VALUES (8,3,2,8); -- GRUPO2 ROLAND 1 MX 	8
INSERT INTO grupo(ID_GRUPO,ID_CATCAMP,NUMERO,N_PAREJAS) VALUES (9,3,3,8); -- GRUPO3 ROLAND 1 MX 	9



INSERT INTO grupo(ID_GRUPO,ID_CATCAMP,NUMERO,N_PAREJAS) VALUES (10,4,1,8); -- GRUPO1 MASTERS 1 M 	10
INSERT INTO grupo(ID_GRUPO,ID_CATCAMP,NUMERO,N_PAREJAS) VALUES (11,4,2,8); -- GRUPO2 MASTERS 1 M 	11
INSERT INTO grupo(ID_GRUPO,ID_CATCAMP,NUMERO,N_PAREJAS) VALUES (12,4,3,8); -- GRUPO3 MASTERS 1 M 	12

INSERT INTO grupo(ID_GRUPO,ID_CATCAMP,NUMERO,N_PAREJAS) VALUES (13,5,1,8); -- GRUPO1 MASTERS 1 MX 	13
INSERT INTO grupo(ID_GRUPO,ID_CATCAMP,NUMERO,N_PAREJAS) VALUES (14,5,2,8); -- GRUPO2 MASTERS 1 MX	14
INSERT INTO grupo(ID_GRUPO,ID_CATCAMP,NUMERO,N_PAREJAS) VALUES (15,5,3,8); -- GRUPO3 MASTERS 1 MX 	15







-- tabla PAREJA
-- campeonato 1 ROLAND

INSERT INTO pareja(ID_PAREJA,NOMBRE_PAREJA,CAPITAN,MIEMBRO,FECHA_INSCRIP,ID_GRUPO,ID_CATCAMP,PUNTOS) VALUES (1,'peakys','tommy','arthur','2019-09-01 09:00:02',1,1,21); -- 1M
INSERT INTO pareja(ID_PAREJA,NOMBRE_PAREJA,CAPITAN,MIEMBRO,FECHA_INSCRIP,ID_GRUPO,ID_CATCAMP,PUNTOS) VALUES (2,'aspirantes','asconcepcion','john','2019-09-01 09:00:03',1,1,19); -- 1M
INSERT INTO pareja(ID_PAREJA,NOMBRE_PAREJA,CAPITAN,MIEMBRO,FECHA_INSCRIP,ID_GRUPO,ID_CATCAMP,PUNTOS) VALUES (3,'blinders','joaquin','benancio','2019-09-01 09:00:04',1,1,17); -- 1M
INSERT INTO pareja(ID_PAREJA,NOMBRE_PAREJA,CAPITAN,MIEMBRO,FECHA_INSCRIP,ID_GRUPO,ID_CATCAMP,PUNTOS) VALUES (4,'ukers','adam','paul','2019-09-01 09:00:05',1,1,15); -- 1M
INSERT INTO pareja(ID_PAREJA,NOMBRE_PAREJA,CAPITAN,MIEMBRO,FECHA_INSCRIP,ID_GRUPO,ID_CATCAMP,PUNTOS) VALUES (5,'meth','walther','jesse','2019-09-01 09:00:07',1,1,13); -- 1M
INSERT INTO pareja(ID_PAREJA,NOMBRE_PAREJA,CAPITAN,MIEMBRO,FECHA_INSCRIP,ID_GRUPO,ID_CATCAMP,PUNTOS) VALUES (6,'antimeth','gus','hank','2019-09-01 09:00:08',1,1,11); -- 1M
INSERT INTO pareja(ID_PAREJA,NOMBRE_PAREJA,CAPITAN,MIEMBRO,FECHA_INSCRIP,ID_GRUPO,ID_CATCAMP,PUNTOS) VALUES (7,'assistants','todd','max','2019-09-01 09:00:10',1,1,9); -- 1M
INSERT INTO pareja(ID_PAREJA,NOMBRE_PAREJA,CAPITAN,MIEMBRO,FECHA_INSCRIP,ID_GRUPO,ID_CATCAMP,PUNTOS) VALUES (8,'tochos','oscar','robert','2019-09-01 09:00:12',1,1,7); -- 1M

INSERT INTO pareja(ID_PAREJA,NOMBRE_PAREJA,CAPITAN,MIEMBRO,FECHA_INSCRIP,ID_GRUPO,ID_CATCAMP,PUNTOS) VALUES (9,'lteam','lucia','leslie','2019-09-01 09:00:06',4,2,21); -- 1F
INSERT INTO pareja(ID_PAREJA,NOMBRE_PAREJA,CAPITAN,MIEMBRO,FECHA_INSCRIP,ID_GRUPO,ID_CATCAMP,PUNTOS) VALUES (10,'sisterz','marie','skyler','2019-09-01 09:00:09',4,2,19); -- 1F
INSERT INTO pareja(ID_PAREJA,NOMBRE_PAREJA,CAPITAN,MIEMBRO,FECHA_INSCRIP,ID_GRUPO,ID_CATCAMP,PUNTOS) VALUES (11,'derechas','laura','bea','2019-09-01 09:00:13',4,2,17); -- 1F
INSERT INTO pareja(ID_PAREJA,NOMBRE_PAREJA,CAPITAN,MIEMBRO,FECHA_INSCRIP,ID_GRUPO,ID_CATCAMP,PUNTOS) VALUES (12,'adeneitors','lucy','clara','2019-09-01 09:00:14',4,2,15); -- 1F
INSERT INTO pareja(ID_PAREJA,NOMBRE_PAREJA,CAPITAN,MIEMBRO,FECHA_INSCRIP,ID_GRUPO,ID_CATCAMP,PUNTOS) VALUES (13,'bffs','paloma','leticia','2019-09-01 09:00:20',4,2,13); -- 1F
INSERT INTO pareja(ID_PAREJA,NOMBRE_PAREJA,CAPITAN,MIEMBRO,FECHA_INSCRIP,ID_GRUPO,ID_CATCAMP,PUNTOS) VALUES (14,'residentas','claudia','mar','2019-09-01 09:00:24',4,2,11); -- 1F
INSERT INTO pareja(ID_PAREJA,NOMBRE_PAREJA,CAPITAN,MIEMBRO,FECHA_INSCRIP,ID_GRUPO,ID_CATCAMP,PUNTOS) VALUES (15,'cuevis','lara','marga','2019-09-01 09:00:25',4,2,9); -- 1F
INSERT INTO pareja(ID_PAREJA,NOMBRE_PAREJA,CAPITAN,MIEMBRO,FECHA_INSCRIP,ID_GRUPO,ID_CATCAMP,PUNTOS) VALUES (16,'pares','concha','marta','2019-09-01 09:00:26',4,2,7); -- 1F

INSERT INTO pareja(ID_PAREJA,NOMBRE_PAREJA,CAPITAN,MIEMBRO,FECHA_INSCRIP,ID_GRUPO,ID_CATCAMP,PUNTOS) VALUES (17,'asesDG','paulapeppers','gacelasoto','2019-09-01 09:00:00',7,3,21); -- 1MX
INSERT INTO pareja(ID_PAREJA,NOMBRE_PAREJA,CAPITAN,MIEMBRO,FECHA_INSCRIP,ID_GRUPO,ID_CATCAMP,PUNTOS) VALUES (18,'robotics','darlene','elliot','2019-09-01 09:00:01',7,3,19); -- 1MX
INSERT INTO pareja(ID_PAREJA,NOMBRE_PAREJA,CAPITAN,MIEMBRO,FECHA_INSCRIP,ID_GRUPO,ID_CATCAMP,PUNTOS) VALUES (19,'partners','sarah','alex','2019-09-01 09:00:11',7,3,17); -- 1MX
INSERT INTO pareja(ID_PAREJA,NOMBRE_PAREJA,CAPITAN,MIEMBRO,FECHA_INSCRIP,ID_GRUPO,ID_CATCAMP,PUNTOS) VALUES (20,'happys','ana','javier','2019-09-01 09:00:21',7,3,15); -- 1MX
INSERT INTO pareja(ID_PAREJA,NOMBRE_PAREJA,CAPITAN,MIEMBRO,FECHA_INSCRIP,ID_GRUPO,ID_CATCAMP,PUNTOS) VALUES (21,'users1','user1','user5','2019-09-01 09:00:28',7,3,13); -- 1MX
INSERT INTO pareja(ID_PAREJA,NOMBRE_PAREJA,CAPITAN,MIEMBRO,FECHA_INSCRIP,ID_GRUPO,ID_CATCAMP,PUNTOS) VALUES (22,'users2','user2','user6','2019-09-01 09:00:29',7,3,11); -- 1MX
INSERT INTO pareja(ID_PAREJA,NOMBRE_PAREJA,CAPITAN,MIEMBRO,FECHA_INSCRIP,ID_GRUPO,ID_CATCAMP,PUNTOS) VALUES (23,'users3','user3','user7','2019-09-01 09:00:30',7,3,9); -- 1MX
INSERT INTO pareja(ID_PAREJA,NOMBRE_PAREJA,CAPITAN,MIEMBRO,FECHA_INSCRIP,ID_GRUPO,ID_CATCAMP,PUNTOS) VALUES (24,'users4','user4','user8','2019-09-01 09:00:31',7,3,7); -- 1MX



-- campeonato 2 MASTERS

INSERT INTO pareja(ID_PAREJA,NOMBRE_PAREJA,CAPITAN,MIEMBRO,FECHA_INSCRIP,ID_GRUPO,ID_CATCAMP,PUNTOS) VALUES (25,'peakys','gacelasoto','arthur','2019-10-01 09:00:02',10,4,15); -- 1M
INSERT INTO pareja(ID_PAREJA,NOMBRE_PAREJA,CAPITAN,MIEMBRO,FECHA_INSCRIP,ID_GRUPO,ID_CATCAMP,PUNTOS) VALUES (26,'aspirantes','asconcepcion','john','2019-10-01 09:00:03',10,4,13); -- 1M
INSERT INTO pareja(ID_PAREJA,NOMBRE_PAREJA,CAPITAN,MIEMBRO,FECHA_INSCRIP,ID_GRUPO,ID_CATCAMP,PUNTOS) VALUES (27,'blinders','joaquin','benancio','2019-10-01 09:00:04',10,4,14); -- 1M
INSERT INTO pareja(ID_PAREJA,NOMBRE_PAREJA,CAPITAN,MIEMBRO,FECHA_INSCRIP,ID_GRUPO,ID_CATCAMP,PUNTOS) VALUES (28,'ukers','adam','paul','2019-10-01 09:00:05',10,4,15); -- 1M
INSERT INTO pareja(ID_PAREJA,NOMBRE_PAREJA,CAPITAN,MIEMBRO,FECHA_INSCRIP,ID_GRUPO,ID_CATCAMP,PUNTOS) VALUES (29,'meth','walther','jesse','2019-10-01 09:00:07',10,4,13); -- 1M
INSERT INTO pareja(ID_PAREJA,NOMBRE_PAREJA,CAPITAN,MIEMBRO,FECHA_INSCRIP,ID_GRUPO,ID_CATCAMP,PUNTOS) VALUES (30,'antimeth','gus','hank','2019-10-01 09:00:08',10,4,11); -- 1M
INSERT INTO pareja(ID_PAREJA,NOMBRE_PAREJA,CAPITAN,MIEMBRO,FECHA_INSCRIP,ID_GRUPO,ID_CATCAMP,PUNTOS) VALUES (31,'assistants','user3','max','2019-10-01 09:00:10',10,4,7); -- 1M
INSERT INTO pareja(ID_PAREJA,NOMBRE_PAREJA,CAPITAN,MIEMBRO,FECHA_INSCRIP,ID_GRUPO,ID_CATCAMP,PUNTOS) VALUES (32,'tochos','oscar','robert','2019-10-01 09:00:12',10,4,4); -- 1M

INSERT INTO pareja(ID_PAREJA,NOMBRE_PAREJA,CAPITAN,MIEMBRO,FECHA_INSCRIP,ID_GRUPO,ID_CATCAMP,PUNTOS) VALUES (33,'asesDG','gacelasoto','paulapeppers','2019-10-01 09:00:06',13,5,15); -- 1MX
INSERT INTO pareja(ID_PAREJA,NOMBRE_PAREJA,CAPITAN,MIEMBRO,FECHA_INSCRIP,ID_GRUPO,ID_CATCAMP,PUNTOS) VALUES (34,'robotics','darlene','elliot','2019-10-01 09:00:09',13,5,13); -- 1MX
INSERT INTO pareja(ID_PAREJA,NOMBRE_PAREJA,CAPITAN,MIEMBRO,FECHA_INSCRIP,ID_GRUPO,ID_CATCAMP,PUNTOS) VALUES (35,'partners','sarah','alex','2019-10-01 09:00:13',13,5,14); -- 1MX
INSERT INTO pareja(ID_PAREJA,NOMBRE_PAREJA,CAPITAN,MIEMBRO,FECHA_INSCRIP,ID_GRUPO,ID_CATCAMP,PUNTOS) VALUES (36,'happys','ana','javier','2019-10-01 09:00:14',13,5,15); -- 1MX
INSERT INTO pareja(ID_PAREJA,NOMBRE_PAREJA,CAPITAN,MIEMBRO,FECHA_INSCRIP,ID_GRUPO,ID_CATCAMP,PUNTOS) VALUES (37,'users1','user1','user5','2019-10-01 09:00:20',13,5,13); -- 1MX
INSERT INTO pareja(ID_PAREJA,NOMBRE_PAREJA,CAPITAN,MIEMBRO,FECHA_INSCRIP,ID_GRUPO,ID_CATCAMP,PUNTOS) VALUES (38,'users2','user2','user6','2019-10-01 09:00:24',13,5,11); -- 1MX
INSERT INTO pareja(ID_PAREJA,NOMBRE_PAREJA,CAPITAN,MIEMBRO,FECHA_INSCRIP,ID_GRUPO,ID_CATCAMP,PUNTOS) VALUES (39,'users3','user3','user7','2019-10-01 09:00:25',13,5,7); -- 1MX
INSERT INTO pareja(ID_PAREJA,NOMBRE_PAREJA,CAPITAN,MIEMBRO,FECHA_INSCRIP,ID_GRUPO,ID_CATCAMP,PUNTOS) VALUES (40,'users4','user4','user8','2019-10-01 09:00:26',13,5,4); -- 1MX




-- campeonato 3 OPEN

INSERT INTO pareja(ID_PAREJA,NOMBRE_PAREJA,CAPITAN,MIEMBRO,FECHA_INSCRIP,ID_GRUPO,ID_CATCAMP,PUNTOS) VALUES (41,'peakys','tommy','arthur','2019-11-01 09:00:02',NULL,6,0); -- 1M
INSERT INTO pareja(ID_PAREJA,NOMBRE_PAREJA,CAPITAN,MIEMBRO,FECHA_INSCRIP,ID_GRUPO,ID_CATCAMP,PUNTOS) VALUES (42,'aspirantes','asconcepcion','john','2019-11-01 09:00:03',NULL,6,0); -- 1M
INSERT INTO pareja(ID_PAREJA,NOMBRE_PAREJA,CAPITAN,MIEMBRO,FECHA_INSCRIP,ID_GRUPO,ID_CATCAMP,PUNTOS) VALUES (43,'blinders','joaquin','benancio','2019-11-01 09:00:04',NULL,6,0); -- 1M
INSERT INTO pareja(ID_PAREJA,NOMBRE_PAREJA,CAPITAN,MIEMBRO,FECHA_INSCRIP,ID_GRUPO,ID_CATCAMP,PUNTOS) VALUES (44,'ukers','adam','paul','2019-11-01 09:00:05',NULL,6,0); -- 1M
INSERT INTO pareja(ID_PAREJA,NOMBRE_PAREJA,CAPITAN,MIEMBRO,FECHA_INSCRIP,ID_GRUPO,ID_CATCAMP,PUNTOS) VALUES (45,'meth','walther','jesse','2019-11-01 09:00:07',NULL,6,0); -- 1M
INSERT INTO pareja(ID_PAREJA,NOMBRE_PAREJA,CAPITAN,MIEMBRO,FECHA_INSCRIP,ID_GRUPO,ID_CATCAMP,PUNTOS) VALUES (46,'antimeth','gus','hank','2019-11-01 09:00:08',NULL,6,0); -- 1M
INSERT INTO pareja(ID_PAREJA,NOMBRE_PAREJA,CAPITAN,MIEMBRO,FECHA_INSCRIP,ID_GRUPO,ID_CATCAMP,PUNTOS) VALUES (47,'assistants','todd','max','2019-11-01 09:00:10',NULL,6,0); -- 1M
INSERT INTO pareja(ID_PAREJA,NOMBRE_PAREJA,CAPITAN,MIEMBRO,FECHA_INSCRIP,ID_GRUPO,ID_CATCAMP,PUNTOS) VALUES (48,'tochos','oscar','robert','2019-11-01 09:00:12',NULL,6,0); -- 1M

INSERT INTO pareja(ID_PAREJA,NOMBRE_PAREJA,CAPITAN,MIEMBRO,FECHA_INSCRIP,ID_GRUPO,ID_CATCAMP,PUNTOS) VALUES (49,'latins','patricio','pitbull','2019-11-01 09:00:15',NULL,7,0); -- 2M
INSERT INTO pareja(ID_PAREJA,NOMBRE_PAREJA,CAPITAN,MIEMBRO,FECHA_INSCRIP,ID_GRUPO,ID_CATCAMP,PUNTOS) VALUES (50,'guns','axel','slash','2019-11-01 09:00:16',NULL,7,0); -- 2M
INSERT INTO pareja(ID_PAREJA,NOMBRE_PAREJA,CAPITAN,MIEMBRO,FECHA_INSCRIP,ID_GRUPO,ID_CATCAMP,PUNTOS) VALUES (51,'roses','izzy','ozzy','2019-11-01 09:00:17',NULL,7,0); -- 2M
INSERT INTO pareja(ID_PAREJA,NOMBRE_PAREJA,CAPITAN,MIEMBRO,FECHA_INSCRIP,ID_GRUPO,ID_CATCAMP,PUNTOS) VALUES (52,'guitars','jimmy','stevie','2019-11-01 09:00:18',NULL,7,0); -- 2M
INSERT INTO pareja(ID_PAREJA,NOMBRE_PAREJA,CAPITAN,MIEMBRO,FECHA_INSCRIP,ID_GRUPO,ID_CATCAMP,PUNTOS) VALUES (53,'newwave','rodolfo','omar','2019-11-01 09:00:19',NULL,7,0); -- 2M
INSERT INTO pareja(ID_PAREJA,NOMBRE_PAREJA,CAPITAN,MIEMBRO,FECHA_INSCRIP,ID_GRUPO,ID_CATCAMP,PUNTOS) VALUES (54,'verinenses','alvaro','jaime','2019-11-01 09:00:22',NULL,7,0); -- 2M
INSERT INTO pareja(ID_PAREJA,NOMBRE_PAREJA,CAPITAN,MIEMBRO,FECHA_INSCRIP,ID_GRUPO,ID_CATCAMP,PUNTOS) VALUES (55,'doctores','rodrigo','luis','2019-01-11 09:00:23',NULL,7,0); -- 2M
INSERT INTO pareja(ID_PAREJA,NOMBRE_PAREJA,CAPITAN,MIEMBRO,FECHA_INSCRIP,ID_GRUPO,ID_CATCAMP,PUNTOS) VALUES (56,'yagueitors','yago','iago','2019-01-11 09:00:27',NULL,7,0); -- 2M




-- tabla ENFRENTAMIENTO

-- enfrentamientos ROLAND

-- grupos

-- 1M

INSERT INTO enfrentamiento (ID_ENFRENTAMIENTO,RESULTADO,FECHA,HORA,SET1,SET2,SET3,PAREJA1,PAREJA2,ID_RESERVA,ID_GRUPO,PROPUESTA1,PROPUESTA2) VALUES (1,'2-0','2019-10-01','09:00:00','6-0','6-0','-',1,2,2,1,'2019-10-01 09:00:00','2019-10-01 09:00:00'); 
INSERT INTO enfrentamiento (ID_ENFRENTAMIENTO,RESULTADO,FECHA,HORA,SET1,SET2,SET3,PAREJA1,PAREJA2,ID_RESERVA,ID_GRUPO,PROPUESTA1,PROPUESTA2) VALUES (2,'2-0','2019-10-04','09:00:00','6-0','6-0','-',1,3,3,1,'2019-10-04 09:00:00','2019-10-04 09:00:00');
INSERT INTO enfrentamiento (ID_ENFRENTAMIENTO,RESULTADO,FECHA,HORA,SET1,SET2,SET3,PAREJA1,PAREJA2,ID_RESERVA,ID_GRUPO,PROPUESTA1,PROPUESTA2) VALUES (3,'2-0','2019-10-07','09:00:00','6-0','6-0','-',1,4,4,1,'2019-10-07 09:00:00','2019-10-07 09:00:00');
INSERT INTO enfrentamiento (ID_ENFRENTAMIENTO,RESULTADO,FECHA,HORA,SET1,SET2,SET3,PAREJA1,PAREJA2,ID_RESERVA,ID_GRUPO,PROPUESTA1,PROPUESTA2) VALUES (4,'2-0','2019-10-10','09:00:00','6-0','6-0','-',1,5,5,1,'2019-10-10 09:00:00','2019-10-10 09:00:00');
INSERT INTO enfrentamiento (ID_ENFRENTAMIENTO,RESULTADO,FECHA,HORA,SET1,SET2,SET3,PAREJA1,PAREJA2,ID_RESERVA,ID_GRUPO,PROPUESTA1,PROPUESTA2) VALUES (5,'2-0','2019-10-13','09:00:00','6-0','6-0','-',1,6,6,1,'2019-10-13 09:00:00','2019-10-13 09:00:00');
INSERT INTO enfrentamiento (ID_ENFRENTAMIENTO,RESULTADO,FECHA,HORA,SET1,SET2,SET3,PAREJA1,PAREJA2,ID_RESERVA,ID_GRUPO,PROPUESTA1,PROPUESTA2) VALUES (6,'2-0','2019-10-16','09:00:00','6-0','6-0','-',1,7,7,1,'2019-10-16 09:00:00','2019-10-16 09:00:00');
INSERT INTO enfrentamiento (ID_ENFRENTAMIENTO,RESULTADO,FECHA,HORA,SET1,SET2,SET3,PAREJA1,PAREJA2,ID_RESERVA,ID_GRUPO,PROPUESTA1,PROPUESTA2) VALUES (7,'2-0','2019-10-19','09:00:00','6-0','6-0','-',1,8,8,1,'2019-10-19 09:00:00','2019-10-19 09:00:00');

INSERT INTO enfrentamiento (ID_ENFRENTAMIENTO,RESULTADO,FECHA,HORA,SET1,SET2,SET3,PAREJA1,PAREJA2,ID_RESERVA,ID_GRUPO,PROPUESTA1,PROPUESTA2) VALUES (8,'2-0','2019-10-02','09:00:00','6-0','6-0','-',2,3,9,1,'2019-10-02 09:00:00','2019-10-02 09:00:00');
INSERT INTO enfrentamiento (ID_ENFRENTAMIENTO,RESULTADO,FECHA,HORA,SET1,SET2,SET3,PAREJA1,PAREJA2,ID_RESERVA,ID_GRUPO,PROPUESTA1,PROPUESTA2) VALUES (9,'2-0','2019-10-05','09:00:00','6-0','6-0','-',2,4,10,1,'2019-10-05 09:00:00','2019-10-05 09:00:00');
INSERT INTO enfrentamiento (ID_ENFRENTAMIENTO,RESULTADO,FECHA,HORA,SET1,SET2,SET3,PAREJA1,PAREJA2,ID_RESERVA,ID_GRUPO,PROPUESTA1,PROPUESTA2) VALUES (10,'2-0','2019-10-08','09:00:00','6-0','6-0','-',2,5,11,1,'2019-10-08 09:00:00','2019-10-08 09:00:00');
INSERT INTO enfrentamiento (ID_ENFRENTAMIENTO,RESULTADO,FECHA,HORA,SET1,SET2,SET3,PAREJA1,PAREJA2,ID_RESERVA,ID_GRUPO,PROPUESTA1,PROPUESTA2) VALUES (11,'2-0','2019-10-11','09:00:00','6-0','6-0','-',2,6,12,1,'2019-10-11 09:00:00','2019-10-11 09:00:00');
INSERT INTO enfrentamiento (ID_ENFRENTAMIENTO,RESULTADO,FECHA,HORA,SET1,SET2,SET3,PAREJA1,PAREJA2,ID_RESERVA,ID_GRUPO,PROPUESTA1,PROPUESTA2) VALUES (12,'2-0','2019-10-14','09:00:00','6-0','6-0','-',2,7,13,1,'2019-10-14 09:00:00','2019-10-14 09:00:00');
INSERT INTO enfrentamiento (ID_ENFRENTAMIENTO,RESULTADO,FECHA,HORA,SET1,SET2,SET3,PAREJA1,PAREJA2,ID_RESERVA,ID_GRUPO,PROPUESTA1,PROPUESTA2) VALUES (13,'2-0','2019-10-17','09:00:00','6-0','6-0','-',2,8,14,1,'2019-10-17 09:00:00','2019-10-17 09:00:00');

INSERT INTO enfrentamiento (ID_ENFRENTAMIENTO,RESULTADO,FECHA,HORA,SET1,SET2,SET3,PAREJA1,PAREJA2,ID_RESERVA,ID_GRUPO,PROPUESTA1,PROPUESTA2) VALUES (14,'2-0','2019-10-03','09:00:00','6-0','6-0','-',3,4,15,1,'2019-10-03 09:00:00','2019-10-03 09:00:00');
INSERT INTO enfrentamiento (ID_ENFRENTAMIENTO,RESULTADO,FECHA,HORA,SET1,SET2,SET3,PAREJA1,PAREJA2,ID_RESERVA,ID_GRUPO,PROPUESTA1,PROPUESTA2) VALUES (15,'2-0','2019-10-06','09:00:00','6-0','6-0','-',3,5,16,1,'2019-10-06 09:00:00','2019-10-06 09:00:00');
INSERT INTO enfrentamiento (ID_ENFRENTAMIENTO,RESULTADO,FECHA,HORA,SET1,SET2,SET3,PAREJA1,PAREJA2,ID_RESERVA,ID_GRUPO,PROPUESTA1,PROPUESTA2) VALUES (16,'2-0','2019-10-09','09:00:00','6-0','6-0','-',3,6,17,1,'2019-10-09 09:00:00','2019-10-09 09:00:00');
INSERT INTO enfrentamiento (ID_ENFRENTAMIENTO,RESULTADO,FECHA,HORA,SET1,SET2,SET3,PAREJA1,PAREJA2,ID_RESERVA,ID_GRUPO,PROPUESTA1,PROPUESTA2) VALUES (17,'2-0','2019-10-12','09:00:00','6-0','6-0','-',3,7,18,1,'2019-10-12 09:00:00','2019-10-12 09:00:00');
INSERT INTO enfrentamiento (ID_ENFRENTAMIENTO,RESULTADO,FECHA,HORA,SET1,SET2,SET3,PAREJA1,PAREJA2,ID_RESERVA,ID_GRUPO,PROPUESTA1,PROPUESTA2) VALUES (18,'2-0','2019-10-15','09:00:00','6-0','6-0','-',3,8,19,1,'2019-10-15 09:00:00','2019-10-15 09:00:00');

INSERT INTO enfrentamiento (ID_ENFRENTAMIENTO,RESULTADO,FECHA,HORA,SET1,SET2,SET3,PAREJA1,PAREJA2,ID_RESERVA,ID_GRUPO,PROPUESTA1,PROPUESTA2) VALUES (19,'2-0','2019-10-04','09:00:00','6-0','6-0','-',4,5,20,1,'2019-10-04 09:00:00','2019-10-04 09:00:00');
INSERT INTO enfrentamiento (ID_ENFRENTAMIENTO,RESULTADO,FECHA,HORA,SET1,SET2,SET3,PAREJA1,PAREJA2,ID_RESERVA,ID_GRUPO,PROPUESTA1,PROPUESTA2) VALUES (20,'2-0','2019-10-07','09:00:00','6-0','6-0','-',4,6,21,1,'2019-10-07 09:00:00','2019-10-07 09:00:00');
INSERT INTO enfrentamiento (ID_ENFRENTAMIENTO,RESULTADO,FECHA,HORA,SET1,SET2,SET3,PAREJA1,PAREJA2,ID_RESERVA,ID_GRUPO,PROPUESTA1,PROPUESTA2) VALUES (21,'2-0','2019-10-10','09:00:00','6-0','6-0','-',4,7,22,1,'2019-10-10 09:00:00','2019-10-10 09:00:00');
INSERT INTO enfrentamiento (ID_ENFRENTAMIENTO,RESULTADO,FECHA,HORA,SET1,SET2,SET3,PAREJA1,PAREJA2,ID_RESERVA,ID_GRUPO,PROPUESTA1,PROPUESTA2) VALUES (22,'2-0','2019-10-13','09:00:00','6-0','6-0','-',4,8,23,1,'2019-10-13 09:00:00','2019-10-13 09:00:00');

INSERT INTO enfrentamiento (ID_ENFRENTAMIENTO,RESULTADO,FECHA,HORA,SET1,SET2,SET3,PAREJA1,PAREJA2,ID_RESERVA,ID_GRUPO,PROPUESTA1,PROPUESTA2) VALUES (23,'2-0','2019-10-05','09:00:00','6-0','6-0','-',5,6,24,1,'2019-10-05 09:00:00','2019-10-05 09:00:00');
INSERT INTO enfrentamiento (ID_ENFRENTAMIENTO,RESULTADO,FECHA,HORA,SET1,SET2,SET3,PAREJA1,PAREJA2,ID_RESERVA,ID_GRUPO,PROPUESTA1,PROPUESTA2) VALUES (24,'2-0','2019-10-08','09:00:00','6-0','6-0','-',5,7,25,1,'2019-10-08 09:00:00','2019-10-08 09:00:00');
INSERT INTO enfrentamiento (ID_ENFRENTAMIENTO,RESULTADO,FECHA,HORA,SET1,SET2,SET3,PAREJA1,PAREJA2,ID_RESERVA,ID_GRUPO,PROPUESTA1,PROPUESTA2) VALUES (25,'2-0','2019-10-11','09:00:00','6-0','6-0','-',5,8,26,1,'2019-10-11 09:00:00','2019-10-11 09:00:00');

INSERT INTO enfrentamiento (ID_ENFRENTAMIENTO,RESULTADO,FECHA,HORA,SET1,SET2,SET3,PAREJA1,PAREJA2,ID_RESERVA,ID_GRUPO,PROPUESTA1,PROPUESTA2) VALUES (26,'2-0','2019-10-06','09:00:00','6-0','6-0','-',6,7,27,1,'2019-10-06 09:00:00','2019-10-06 09:00:00');
INSERT INTO enfrentamiento (ID_ENFRENTAMIENTO,RESULTADO,FECHA,HORA,SET1,SET2,SET3,PAREJA1,PAREJA2,ID_RESERVA,ID_GRUPO,PROPUESTA1,PROPUESTA2) VALUES (27,'2-0','2019-10-09','09:00:00','6-0','6-0','-',6,8,28,1,'2019-10-09 09:00:00','2019-10-09 09:00:00');

INSERT INTO enfrentamiento (ID_ENFRENTAMIENTO,RESULTADO,FECHA,HORA,SET1,SET2,SET3,PAREJA1,PAREJA2,ID_RESERVA,ID_GRUPO,PROPUESTA1,PROPUESTA2) VALUES (28,'2-0','2019-10-07','09:00:00','6-0','6-0','-',7,8,29,1,'2019-10-07 09:00:00','2019-10-07 09:00:00');




-- 1F
INSERT INTO enfrentamiento (ID_ENFRENTAMIENTO,RESULTADO,FECHA,HORA,SET1,SET2,SET3,PAREJA1,PAREJA2,ID_RESERVA,ID_GRUPO,PROPUESTA1,PROPUESTA2) VALUES (29,'2-0','2019-10-01','10:30:00','6-0','6-0','-',9,10,30,4,'2019-10-01 10:30:00','2019-10-01 10:30:00');
INSERT INTO enfrentamiento (ID_ENFRENTAMIENTO,RESULTADO,FECHA,HORA,SET1,SET2,SET3,PAREJA1,PAREJA2,ID_RESERVA,ID_GRUPO,PROPUESTA1,PROPUESTA2) VALUES (30,'2-0','2019-10-04','10:30:00','6-0','6-0','-',9,11,31,4,'2019-10-04 10:30:00','2019-10-04 10:30:00');
INSERT INTO enfrentamiento (ID_ENFRENTAMIENTO,RESULTADO,FECHA,HORA,SET1,SET2,SET3,PAREJA1,PAREJA2,ID_RESERVA,ID_GRUPO,PROPUESTA1,PROPUESTA2) VALUES (31,'2-0','2019-10-07','10:30:00','6-0','6-0','-',9,12,32,4,'2019-10-07 10:30:00','2019-10-07 10:30:00');
INSERT INTO enfrentamiento (ID_ENFRENTAMIENTO,RESULTADO,FECHA,HORA,SET1,SET2,SET3,PAREJA1,PAREJA2,ID_RESERVA,ID_GRUPO,PROPUESTA1,PROPUESTA2) VALUES (32,'2-0','2019-10-10','10:30:00','6-0','6-0','-',9,13,33,4,'2019-10-10 10:30:00','2019-10-10 10:30:00');
INSERT INTO enfrentamiento (ID_ENFRENTAMIENTO,RESULTADO,FECHA,HORA,SET1,SET2,SET3,PAREJA1,PAREJA2,ID_RESERVA,ID_GRUPO,PROPUESTA1,PROPUESTA2) VALUES (33,'2-0','2019-10-13','10:30:00','6-0','6-0','-',9,14,34,4,'2019-10-13 10:30:00','2019-10-13 10:30:00');
INSERT INTO enfrentamiento (ID_ENFRENTAMIENTO,RESULTADO,FECHA,HORA,SET1,SET2,SET3,PAREJA1,PAREJA2,ID_RESERVA,ID_GRUPO,PROPUESTA1,PROPUESTA2) VALUES (34,'2-0','2019-10-16','10:30:00','6-0','6-0','-',9,15,35,4,'2019-10-16 10:30:00','2019-10-16 10:30:00');
INSERT INTO enfrentamiento (ID_ENFRENTAMIENTO,RESULTADO,FECHA,HORA,SET1,SET2,SET3,PAREJA1,PAREJA2,ID_RESERVA,ID_GRUPO,PROPUESTA1,PROPUESTA2) VALUES (35,'2-0','2019-10-19','10:30:00','6-0','6-0','-',9,16,36,4,'2019-10-19 10:30:00','2019-10-19 10:30:00');

INSERT INTO enfrentamiento (ID_ENFRENTAMIENTO,RESULTADO,FECHA,HORA,SET1,SET2,SET3,PAREJA1,PAREJA2,ID_RESERVA,ID_GRUPO,PROPUESTA1,PROPUESTA2) VALUES (36,'2-0','2019-10-02','10:30:00','6-0','6-0','-',10,11,37,4,'2019-10-02 10:30:00','2019-10-02 10:30:00');
INSERT INTO enfrentamiento (ID_ENFRENTAMIENTO,RESULTADO,FECHA,HORA,SET1,SET2,SET3,PAREJA1,PAREJA2,ID_RESERVA,ID_GRUPO,PROPUESTA1,PROPUESTA2) VALUES (37,'2-0','2019-10-05','10:30:00','6-0','6-0','-',10,12,38,4,'2019-10-05 10:30:00','2019-10-05 10:30:00');
INSERT INTO enfrentamiento (ID_ENFRENTAMIENTO,RESULTADO,FECHA,HORA,SET1,SET2,SET3,PAREJA1,PAREJA2,ID_RESERVA,ID_GRUPO,PROPUESTA1,PROPUESTA2) VALUES (38,'2-0','2019-10-08','10:30:00','6-0','6-0','-',10,13,39,4,'2019-10-08 10:30:00','2019-10-08 10:30:00');
INSERT INTO enfrentamiento (ID_ENFRENTAMIENTO,RESULTADO,FECHA,HORA,SET1,SET2,SET3,PAREJA1,PAREJA2,ID_RESERVA,ID_GRUPO,PROPUESTA1,PROPUESTA2) VALUES (39,'2-0','2019-10-11','10:30:00','6-0','6-0','-',10,14,40,4,'2019-10-11 10:30:00','2019-10-11 10:30:00');
INSERT INTO enfrentamiento (ID_ENFRENTAMIENTO,RESULTADO,FECHA,HORA,SET1,SET2,SET3,PAREJA1,PAREJA2,ID_RESERVA,ID_GRUPO,PROPUESTA1,PROPUESTA2) VALUES (40,'2-0','2019-10-14','10:30:00','6-0','6-0','-',10,15,41,4,'2019-10-14 10:30:00','2019-10-14 10:30:00');
INSERT INTO enfrentamiento (ID_ENFRENTAMIENTO,RESULTADO,FECHA,HORA,SET1,SET2,SET3,PAREJA1,PAREJA2,ID_RESERVA,ID_GRUPO,PROPUESTA1,PROPUESTA2) VALUES (41,'2-0','2019-10-17','10:30:00','6-0','6-0','-',10,16,42,4,'2019-10-17 10:30:00','2019-10-17 10:30:00');

INSERT INTO enfrentamiento (ID_ENFRENTAMIENTO,RESULTADO,FECHA,HORA,SET1,SET2,SET3,PAREJA1,PAREJA2,ID_RESERVA,ID_GRUPO,PROPUESTA1,PROPUESTA2) VALUES (42,'2-0','2019-10-03','10:30:00','6-0','6-0','-',11,12,43,4,'2019-10-03 10:30:00','2019-10-03 10:30:00');
INSERT INTO enfrentamiento (ID_ENFRENTAMIENTO,RESULTADO,FECHA,HORA,SET1,SET2,SET3,PAREJA1,PAREJA2,ID_RESERVA,ID_GRUPO,PROPUESTA1,PROPUESTA2) VALUES (43,'2-0','2019-10-06','10:30:00','6-0','6-0','-',11,13,44,4,'2019-10-06 10:30:00','2019-10-06 10:30:00');
INSERT INTO enfrentamiento (ID_ENFRENTAMIENTO,RESULTADO,FECHA,HORA,SET1,SET2,SET3,PAREJA1,PAREJA2,ID_RESERVA,ID_GRUPO,PROPUESTA1,PROPUESTA2) VALUES (44,'2-0','2019-10-09','10:30:00','6-0','6-0','-',11,14,45,4,'2019-10-09 10:30:00','2019-10-09 10:30:00');
INSERT INTO enfrentamiento (ID_ENFRENTAMIENTO,RESULTADO,FECHA,HORA,SET1,SET2,SET3,PAREJA1,PAREJA2,ID_RESERVA,ID_GRUPO,PROPUESTA1,PROPUESTA2) VALUES (45,'2-0','2019-10-12','10:30:00','6-0','6-0','-',11,15,46,4,'2019-10-12 10:30:00','2019-10-12 10:30:00');
INSERT INTO enfrentamiento (ID_ENFRENTAMIENTO,RESULTADO,FECHA,HORA,SET1,SET2,SET3,PAREJA1,PAREJA2,ID_RESERVA,ID_GRUPO,PROPUESTA1,PROPUESTA2) VALUES (46,'2-0','2019-10-15','10:30:00','6-0','6-0','-',11,16,47,4,'2019-10-15 10:30:00','2019-10-15 10:30:00');

INSERT INTO enfrentamiento (ID_ENFRENTAMIENTO,RESULTADO,FECHA,HORA,SET1,SET2,SET3,PAREJA1,PAREJA2,ID_RESERVA,ID_GRUPO,PROPUESTA1,PROPUESTA2) VALUES (47,'2-0','2019-10-04','10:30:00','6-0','6-0','-',12,13,48,4,'2019-10-04 10:30:00','2019-10-04 10:30:00');
INSERT INTO enfrentamiento (ID_ENFRENTAMIENTO,RESULTADO,FECHA,HORA,SET1,SET2,SET3,PAREJA1,PAREJA2,ID_RESERVA,ID_GRUPO,PROPUESTA1,PROPUESTA2) VALUES (48,'2-0','2019-10-07','10:30:00','6-0','6-0','-',12,14,49,4,'2019-10-07 10:30:00','2019-10-07 10:30:00');
INSERT INTO enfrentamiento (ID_ENFRENTAMIENTO,RESULTADO,FECHA,HORA,SET1,SET2,SET3,PAREJA1,PAREJA2,ID_RESERVA,ID_GRUPO,PROPUESTA1,PROPUESTA2) VALUES (49,'2-0','2019-10-10','10:30:00','6-0','6-0','-',12,15,50,4,'2019-10-10 10:30:00','2019-10-10 10:30:00');
INSERT INTO enfrentamiento (ID_ENFRENTAMIENTO,RESULTADO,FECHA,HORA,SET1,SET2,SET3,PAREJA1,PAREJA2,ID_RESERVA,ID_GRUPO,PROPUESTA1,PROPUESTA2) VALUES (50,'2-0','2019-10-13','10:30:00','6-0','6-0','-',12,16,51,4,'2019-10-13 10:30:00','2019-10-13 10:30:00');

INSERT INTO enfrentamiento (ID_ENFRENTAMIENTO,RESULTADO,FECHA,HORA,SET1,SET2,SET3,PAREJA1,PAREJA2,ID_RESERVA,ID_GRUPO,PROPUESTA1,PROPUESTA2) VALUES (51,'2-0','2019-10-05','10:30:00','6-0','6-0','-',13,14,52,4,'2019-10-05 10:30:00','2019-10-05 10:30:00');
INSERT INTO enfrentamiento (ID_ENFRENTAMIENTO,RESULTADO,FECHA,HORA,SET1,SET2,SET3,PAREJA1,PAREJA2,ID_RESERVA,ID_GRUPO,PROPUESTA1,PROPUESTA2) VALUES (52,'2-0','2019-10-08','10:30:00','6-0','6-0','-',13,15,53,4,'2019-10-08 10:30:00','2019-10-08 10:30:00');
INSERT INTO enfrentamiento (ID_ENFRENTAMIENTO,RESULTADO,FECHA,HORA,SET1,SET2,SET3,PAREJA1,PAREJA2,ID_RESERVA,ID_GRUPO,PROPUESTA1,PROPUESTA2) VALUES (53,'2-0','2019-10-11','10:30:00','6-0','6-0','-',13,16,54,4,'2019-10-11 10:30:00','2019-10-11 10:30:00');

INSERT INTO enfrentamiento (ID_ENFRENTAMIENTO,RESULTADO,FECHA,HORA,SET1,SET2,SET3,PAREJA1,PAREJA2,ID_RESERVA,ID_GRUPO,PROPUESTA1,PROPUESTA2) VALUES (54,'2-0','2019-10-06','10:30:00','6-0','6-0','-',14,15,55,4,'2019-10-06 10:30:00','2019-10-06 10:30:00');
INSERT INTO enfrentamiento (ID_ENFRENTAMIENTO,RESULTADO,FECHA,HORA,SET1,SET2,SET3,PAREJA1,PAREJA2,ID_RESERVA,ID_GRUPO,PROPUESTA1,PROPUESTA2) VALUES (55,'2-0','2019-10-09','10:30:00','6-0','6-0','-',14,16,56,4,'2019-10-09 10:30:00','2019-10-09 10:30:00');

INSERT INTO enfrentamiento (ID_ENFRENTAMIENTO,RESULTADO,FECHA,HORA,SET1,SET2,SET3,PAREJA1,PAREJA2,ID_RESERVA,ID_GRUPO,PROPUESTA1,PROPUESTA2) VALUES (56,'2-0','2019-10-07','10:30:00','6-0','6-0','-',15,16,57,4,'2019-10-07 10:30:00','2019-10-07 10:30:00');





-- 1MX
INSERT INTO enfrentamiento (ID_ENFRENTAMIENTO,RESULTADO,FECHA,HORA,SET1,SET2,SET3,PAREJA1,PAREJA2,ID_RESERVA,ID_GRUPO,PROPUESTA1,PROPUESTA2) VALUES (57,'2-0','2019-10-01','12:00:00','6-0','6-0','-',17,18,58,7,'2019-10-01 12:00:00','2019-10-01 12:00:00');
INSERT INTO enfrentamiento (ID_ENFRENTAMIENTO,RESULTADO,FECHA,HORA,SET1,SET2,SET3,PAREJA1,PAREJA2,ID_RESERVA,ID_GRUPO,PROPUESTA1,PROPUESTA2) VALUES (58,'2-0','2019-10-04','12:00:00','6-0','6-0','-',17,19,59,7,'2019-10-04 12:00:00','2019-10-04 12:00:00');
INSERT INTO enfrentamiento (ID_ENFRENTAMIENTO,RESULTADO,FECHA,HORA,SET1,SET2,SET3,PAREJA1,PAREJA2,ID_RESERVA,ID_GRUPO,PROPUESTA1,PROPUESTA2) VALUES (59,'2-0','2019-10-07','12:00:00','6-0','6-0','-',17,20,60,7,'2019-10-07 12:00:00','2019-10-07 12:00:00');
INSERT INTO enfrentamiento (ID_ENFRENTAMIENTO,RESULTADO,FECHA,HORA,SET1,SET2,SET3,PAREJA1,PAREJA2,ID_RESERVA,ID_GRUPO,PROPUESTA1,PROPUESTA2) VALUES (60,'2-0','2019-10-10','12:00:00','6-0','6-0','-',17,21,61,7,'2019-10-10 12:00:00','2019-10-10 12:00:00');
INSERT INTO enfrentamiento (ID_ENFRENTAMIENTO,RESULTADO,FECHA,HORA,SET1,SET2,SET3,PAREJA1,PAREJA2,ID_RESERVA,ID_GRUPO,PROPUESTA1,PROPUESTA2) VALUES (61,'2-0','2019-10-13','12:00:00','6-0','6-0','-',17,22,62,7,'2019-10-13 12:00:00','2019-10-13 12:00:00');
INSERT INTO enfrentamiento (ID_ENFRENTAMIENTO,RESULTADO,FECHA,HORA,SET1,SET2,SET3,PAREJA1,PAREJA2,ID_RESERVA,ID_GRUPO,PROPUESTA1,PROPUESTA2) VALUES (62,'2-0','2019-10-16','12:00:00','6-0','6-0','-',17,23,63,7,'2019-10-16 12:00:00','2019-10-16 12:00:00');
INSERT INTO enfrentamiento (ID_ENFRENTAMIENTO,RESULTADO,FECHA,HORA,SET1,SET2,SET3,PAREJA1,PAREJA2,ID_RESERVA,ID_GRUPO,PROPUESTA1,PROPUESTA2) VALUES (63,'2-0','2019-10-19','12:00:00','6-0','6-0','-',17,24,64,7,'2019-10-19 12:00:00','2019-10-19 12:00:00');

INSERT INTO enfrentamiento (ID_ENFRENTAMIENTO,RESULTADO,FECHA,HORA,SET1,SET2,SET3,PAREJA1,PAREJA2,ID_RESERVA,ID_GRUPO,PROPUESTA1,PROPUESTA2) VALUES (64,'2-0','2019-10-02','12:00:00','6-0','6-0','-',18,19,65,7,'2019-10-02 12:00:00','2019-10-02 12:00:00');
INSERT INTO enfrentamiento (ID_ENFRENTAMIENTO,RESULTADO,FECHA,HORA,SET1,SET2,SET3,PAREJA1,PAREJA2,ID_RESERVA,ID_GRUPO,PROPUESTA1,PROPUESTA2) VALUES (65,'2-0','2019-10-05','12:00:00','6-0','6-0','-',18,20,66,7,'2019-10-05 12:00:00','2019-10-05 12:00:00');
INSERT INTO enfrentamiento (ID_ENFRENTAMIENTO,RESULTADO,FECHA,HORA,SET1,SET2,SET3,PAREJA1,PAREJA2,ID_RESERVA,ID_GRUPO,PROPUESTA1,PROPUESTA2) VALUES (66,'2-0','2019-10-08','12:00:00','6-0','6-0','-',18,21,67,7,'2019-10-08 12:00:00','2019-10-08 12:00:00');
INSERT INTO enfrentamiento (ID_ENFRENTAMIENTO,RESULTADO,FECHA,HORA,SET1,SET2,SET3,PAREJA1,PAREJA2,ID_RESERVA,ID_GRUPO,PROPUESTA1,PROPUESTA2) VALUES (67,'2-0','2019-10-11','12:00:00','6-0','6-0','-',18,22,68,7,'2019-10-11 12:00:00','2019-10-11 12:00:00');
INSERT INTO enfrentamiento (ID_ENFRENTAMIENTO,RESULTADO,FECHA,HORA,SET1,SET2,SET3,PAREJA1,PAREJA2,ID_RESERVA,ID_GRUPO,PROPUESTA1,PROPUESTA2) VALUES (68,'2-0','2019-10-14','12:00:00','6-0','6-0','-',18,23,69,7,'2019-10-14 12:00:00','2019-10-14 12:00:00');
INSERT INTO enfrentamiento (ID_ENFRENTAMIENTO,RESULTADO,FECHA,HORA,SET1,SET2,SET3,PAREJA1,PAREJA2,ID_RESERVA,ID_GRUPO,PROPUESTA1,PROPUESTA2) VALUES (69,'2-0','2019-10-17','12:00:00','6-0','6-0','-',18,24,70,7,'2019-10-17 12:00:00','2019-10-17 12:00:00');

INSERT INTO enfrentamiento (ID_ENFRENTAMIENTO,RESULTADO,FECHA,HORA,SET1,SET2,SET3,PAREJA1,PAREJA2,ID_RESERVA,ID_GRUPO,PROPUESTA1,PROPUESTA2) VALUES (70,'2-0','2019-10-03','12:00:00','6-0','6-0','-',19,20,71,7,'2019-10-03 12:00:00','2019-10-03 12:00:00');
INSERT INTO enfrentamiento (ID_ENFRENTAMIENTO,RESULTADO,FECHA,HORA,SET1,SET2,SET3,PAREJA1,PAREJA2,ID_RESERVA,ID_GRUPO,PROPUESTA1,PROPUESTA2) VALUES (71,'2-0','2019-10-06','12:00:00','6-0','6-0','-',19,21,72,7,'2019-10-06 12:00:00','2019-10-06 12:00:00');
INSERT INTO enfrentamiento (ID_ENFRENTAMIENTO,RESULTADO,FECHA,HORA,SET1,SET2,SET3,PAREJA1,PAREJA2,ID_RESERVA,ID_GRUPO,PROPUESTA1,PROPUESTA2) VALUES (72,'2-0','2019-10-09','12:00:00','6-0','6-0','-',19,22,73,7,'2019-10-09 12:00:00','2019-10-09 12:00:00');
INSERT INTO enfrentamiento (ID_ENFRENTAMIENTO,RESULTADO,FECHA,HORA,SET1,SET2,SET3,PAREJA1,PAREJA2,ID_RESERVA,ID_GRUPO,PROPUESTA1,PROPUESTA2) VALUES (73,'2-0','2019-10-12','12:00:00','6-0','6-0','-',19,23,74,7,'2019-10-12 12:00:00','2019-10-12 12:00:00');
INSERT INTO enfrentamiento (ID_ENFRENTAMIENTO,RESULTADO,FECHA,HORA,SET1,SET2,SET3,PAREJA1,PAREJA2,ID_RESERVA,ID_GRUPO,PROPUESTA1,PROPUESTA2) VALUES (74,'2-0','2019-10-15','12:00:00','6-0','6-0','-',19,24,75,7,'2019-10-15 12:00:00','2019-10-15 12:00:00');

INSERT INTO enfrentamiento (ID_ENFRENTAMIENTO,RESULTADO,FECHA,HORA,SET1,SET2,SET3,PAREJA1,PAREJA2,ID_RESERVA,ID_GRUPO,PROPUESTA1,PROPUESTA2) VALUES (75,'2-0','2019-10-04','12:00:00','6-0','6-0','-',20,21,76,7,'2019-10-04 12:00:00','2019-10-04 12:00:00');
INSERT INTO enfrentamiento (ID_ENFRENTAMIENTO,RESULTADO,FECHA,HORA,SET1,SET2,SET3,PAREJA1,PAREJA2,ID_RESERVA,ID_GRUPO,PROPUESTA1,PROPUESTA2) VALUES (76,'2-0','2019-10-07','12:00:00','6-0','6-0','-',20,22,77,7,'2019-10-07 12:00:00','2019-10-07 12:00:00');
INSERT INTO enfrentamiento (ID_ENFRENTAMIENTO,RESULTADO,FECHA,HORA,SET1,SET2,SET3,PAREJA1,PAREJA2,ID_RESERVA,ID_GRUPO,PROPUESTA1,PROPUESTA2) VALUES (77,'2-0','2019-10-10','12:00:00','6-0','6-0','-',20,23,78,7,'2019-10-10 12:00:00','2019-10-10 12:00:00');
INSERT INTO enfrentamiento (ID_ENFRENTAMIENTO,RESULTADO,FECHA,HORA,SET1,SET2,SET3,PAREJA1,PAREJA2,ID_RESERVA,ID_GRUPO,PROPUESTA1,PROPUESTA2) VALUES (78,'2-0','2019-10-13','12:00:00','6-0','6-0','-',20,24,79,7,'2019-10-13 12:00:00','2019-10-13 12:00:00');

INSERT INTO enfrentamiento (ID_ENFRENTAMIENTO,RESULTADO,FECHA,HORA,SET1,SET2,SET3,PAREJA1,PAREJA2,ID_RESERVA,ID_GRUPO,PROPUESTA1,PROPUESTA2) VALUES (79,'2-0','2019-10-05','12:00:00','6-0','6-0','-',21,22,80,7,'2019-10-05 12:00:00','2019-10-05 12:00:00');
INSERT INTO enfrentamiento (ID_ENFRENTAMIENTO,RESULTADO,FECHA,HORA,SET1,SET2,SET3,PAREJA1,PAREJA2,ID_RESERVA,ID_GRUPO,PROPUESTA1,PROPUESTA2) VALUES (80,'2-0','2019-10-08','12:00:00','6-0','6-0','-',21,23,81,7,'2019-10-08 12:00:00','2019-10-08 12:00:00');
INSERT INTO enfrentamiento (ID_ENFRENTAMIENTO,RESULTADO,FECHA,HORA,SET1,SET2,SET3,PAREJA1,PAREJA2,ID_RESERVA,ID_GRUPO,PROPUESTA1,PROPUESTA2) VALUES (81,'2-0','2019-10-11','12:00:00','6-0','6-0','-',21,24,82,7,'2019-10-11 12:00:00','2019-10-11 12:00:00');

INSERT INTO enfrentamiento (ID_ENFRENTAMIENTO,RESULTADO,FECHA,HORA,SET1,SET2,SET3,PAREJA1,PAREJA2,ID_RESERVA,ID_GRUPO,PROPUESTA1,PROPUESTA2) VALUES (82,'2-0','2019-10-06','12:00:00','6-0','6-0','-',22,23,83,7,'2019-10-06 12:00:00','2019-10-06 12:00:00');
INSERT INTO enfrentamiento (ID_ENFRENTAMIENTO,RESULTADO,FECHA,HORA,SET1,SET2,SET3,PAREJA1,PAREJA2,ID_RESERVA,ID_GRUPO,PROPUESTA1,PROPUESTA2) VALUES (83,'2-0','2019-10-09','12:00:00','6-0','6-0','-',22,24,84,7,'2019-10-09 12:00:00','2019-10-09 12:00:00');

INSERT INTO enfrentamiento (ID_ENFRENTAMIENTO,RESULTADO,FECHA,HORA,SET1,SET2,SET3,PAREJA1,PAREJA2,ID_RESERVA,ID_GRUPO,PROPUESTA1,PROPUESTA2) VALUES (84,'2-0','2019-10-07','12:00:00','6-0','6-0','-',23,24,85,7,'2019-10-07 12:00:00','2019-10-07 12:00:00');




-- enfrentamientos MASTERS

-- grupos

-- 1M

INSERT INTO enfrentamiento (ID_ENFRENTAMIENTO,RESULTADO,FECHA,HORA,SET1,SET2,SET3,PAREJA1,PAREJA2,ID_RESERVA,ID_GRUPO,PROPUESTA1,PROPUESTA2) VALUES (85,'2-0','2019-11-01','09:00:00','6-0','6-0','-',25,26,86,10,'2019-11-01 09:00:00','2019-11-01 09:00:00');
INSERT INTO enfrentamiento (ID_ENFRENTAMIENTO,RESULTADO,FECHA,HORA,SET1,SET2,SET3,PAREJA1,PAREJA2,ID_RESERVA,ID_GRUPO,PROPUESTA1,PROPUESTA2) VALUES (86,'2-0','2019-11-04','09:00:00','6-0','6-0','-',25,27,87,10,'2019-11-04 09:00:00','2019-11-04 09:00:00');
INSERT INTO enfrentamiento (ID_ENFRENTAMIENTO,RESULTADO,FECHA,HORA,SET1,SET2,SET3,PAREJA1,PAREJA2,ID_RESERVA,ID_GRUPO,PROPUESTA1,PROPUESTA2) VALUES (87,'2-0','2019-11-07','09:00:00','6-0','6-0','-',25,28,88,10,'2019-11-07 09:00:00','2019-11-07 09:00:00');
INSERT INTO enfrentamiento (ID_ENFRENTAMIENTO,RESULTADO,FECHA,HORA,SET1,SET2,SET3,PAREJA1,PAREJA2,ID_RESERVA,ID_GRUPO,PROPUESTA1,PROPUESTA2) VALUES (88,'2-0','2019-11-10','09:00:00','6-0','6-0','-',25,29,89,10,'2019-11-10 09:00:00','2019-11-10 09:00:00');
INSERT INTO enfrentamiento (ID_ENFRENTAMIENTO,RESULTADO,FECHA,HORA,SET1,SET2,SET3,PAREJA1,PAREJA2,ID_RESERVA,ID_GRUPO,PROPUESTA1,PROPUESTA2) VALUES (89,'2-0','2019-11-13','09:00:00','6-0','6-0','-',25,30,90,10,'2019-11-13 09:00:00','2019-11-13 09:00:00');
INSERT INTO enfrentamiento (ID_ENFRENTAMIENTO,RESULTADO,FECHA,HORA,SET1,SET2,SET3,PAREJA1,PAREJA2,ID_RESERVA,ID_GRUPO,PROPUESTA1,PROPUESTA2) VALUES (90,NULL,NULL,NULL,NULL,NULL,NULL,25,31,NULL,10,NULL,NULL);
INSERT INTO enfrentamiento (ID_ENFRENTAMIENTO,RESULTADO,FECHA,HORA,SET1,SET2,SET3,PAREJA1,PAREJA2,ID_RESERVA,ID_GRUPO,PROPUESTA1,PROPUESTA2) VALUES (91,NULL,'2020-01-25','09:00:00',NULL,NULL,NULL,25,32,92,10,'2020-01-25 09:00:00','2020-01-25 09:00:00');

INSERT INTO enfrentamiento (ID_ENFRENTAMIENTO,RESULTADO,FECHA,HORA,SET1,SET2,SET3,PAREJA1,PAREJA2,ID_RESERVA,ID_GRUPO,PROPUESTA1,PROPUESTA2) VALUES (92,'2-0','2019-11-02','09:00:00','6-0','6-0','-',26,27,93,10,'2019-11-02 09:00:00','2019-11-02 09:00:00');
INSERT INTO enfrentamiento (ID_ENFRENTAMIENTO,RESULTADO,FECHA,HORA,SET1,SET2,SET3,PAREJA1,PAREJA2,ID_RESERVA,ID_GRUPO,PROPUESTA1,PROPUESTA2) VALUES (93,'2-0','2019-11-05','09:00:00','6-0','6-0','-',26,28,94,10,'2019-11-05 09:00:00','2019-11-05 09:00:00');
INSERT INTO enfrentamiento (ID_ENFRENTAMIENTO,RESULTADO,FECHA,HORA,SET1,SET2,SET3,PAREJA1,PAREJA2,ID_RESERVA,ID_GRUPO,PROPUESTA1,PROPUESTA2) VALUES (94,'2-0','2019-11-08','09:00:00','6-0','6-0','-',26,29,95,10,'2019-11-08 09:00:00','2019-11-08 09:00:00');
INSERT INTO enfrentamiento (ID_ENFRENTAMIENTO,RESULTADO,FECHA,HORA,SET1,SET2,SET3,PAREJA1,PAREJA2,ID_RESERVA,ID_GRUPO,PROPUESTA1,PROPUESTA2) VALUES (95,'2-0','2019-11-11','09:00:00','6-0','6-0','-',26,30,96,10,'2019-11-11 09:00:00','2019-11-11 09:00:00');
INSERT INTO enfrentamiento (ID_ENFRENTAMIENTO,RESULTADO,FECHA,HORA,SET1,SET2,SET3,PAREJA1,PAREJA2,ID_RESERVA,ID_GRUPO,PROPUESTA1,PROPUESTA2) VALUES (96,NULL,'2020-01-26','09:00:00',NULL,NULL,NULL,26,31,97,10,'2020-01-26 09:00:00','2020-01-26 09:00:00');
INSERT INTO enfrentamiento (ID_ENFRENTAMIENTO,RESULTADO,FECHA,HORA,SET1,SET2,SET3,PAREJA1,PAREJA2,ID_RESERVA,ID_GRUPO,PROPUESTA1,PROPUESTA2) VALUES (97,NULL,'2020-01-27','09:00:00',NULL,NULL,NULL,26,32,98,10,'2020-01-27 09:00:00','2020-01-27 09:00:00');

INSERT INTO enfrentamiento (ID_ENFRENTAMIENTO,RESULTADO,FECHA,HORA,SET1,SET2,SET3,PAREJA1,PAREJA2,ID_RESERVA,ID_GRUPO,PROPUESTA1,PROPUESTA2) VALUES (98,'2-0','2019-11-03','09:00:00','6-0','6-0','-',27,28,99,10,'2019-11-03 09:00:00','2019-11-03 09:00:00');
INSERT INTO enfrentamiento (ID_ENFRENTAMIENTO,RESULTADO,FECHA,HORA,SET1,SET2,SET3,PAREJA1,PAREJA2,ID_RESERVA,ID_GRUPO,PROPUESTA1,PROPUESTA2) VALUES (99,'2-0','2019-11-06','09:00:00','6-0','6-0','-',27,29,100,10,'2019-11-06 09:00:00','2019-11-06 09:00:00');
INSERT INTO enfrentamiento (ID_ENFRENTAMIENTO,RESULTADO,FECHA,HORA,SET1,SET2,SET3,PAREJA1,PAREJA2,ID_RESERVA,ID_GRUPO,PROPUESTA1,PROPUESTA2) VALUES (100,'2-0','2019-11-09','09:00:00','6-0','6-0','-',27,30,101,10,'2019-11-09 09:00:00','2019-11-09 09:00:00');
INSERT INTO enfrentamiento (ID_ENFRENTAMIENTO,RESULTADO,FECHA,HORA,SET1,SET2,SET3,PAREJA1,PAREJA2,ID_RESERVA,ID_GRUPO,PROPUESTA1,PROPUESTA2) VALUES (101,'2-0','2019-11-12','09:00:00','6-0','6-0','-',27,31,102,10,'2019-11-12 09:00:00','2019-11-12 09:00:00');
INSERT INTO enfrentamiento (ID_ENFRENTAMIENTO,RESULTADO,FECHA,HORA,SET1,SET2,SET3,PAREJA1,PAREJA2,ID_RESERVA,ID_GRUPO,PROPUESTA1,PROPUESTA2) VALUES (102,NULL,'2020-01-28','09:00:00',NULL,NULL,NULL,27,32,103,10,'2020-01-28 09:00:00','2020-01-28 09:00:00');

INSERT INTO enfrentamiento (ID_ENFRENTAMIENTO,RESULTADO,FECHA,HORA,SET1,SET2,SET3,PAREJA1,PAREJA2,ID_RESERVA,ID_GRUPO,PROPUESTA1,PROPUESTA2) VALUES (103,'2-0','2019-11-04','09:00:00','6-0','6-0','-',28,29,104,10,'2019-11-04 09:00:00','2019-11-04 09:00:00');
INSERT INTO enfrentamiento (ID_ENFRENTAMIENTO,RESULTADO,FECHA,HORA,SET1,SET2,SET3,PAREJA1,PAREJA2,ID_RESERVA,ID_GRUPO,PROPUESTA1,PROPUESTA2) VALUES (104,'2-0','2019-11-07','09:00:00','6-0','6-0','-',28,30,105,10,'2019-11-07 09:00:00','2019-11-07 09:00:00');
INSERT INTO enfrentamiento (ID_ENFRENTAMIENTO,RESULTADO,FECHA,HORA,SET1,SET2,SET3,PAREJA1,PAREJA2,ID_RESERVA,ID_GRUPO,PROPUESTA1,PROPUESTA2) VALUES (105,'2-0','2019-11-10','09:00:00','6-0','6-0','-',28,31,106,10,'2019-11-10 09:00:00','2019-11-10 09:00:00');
INSERT INTO enfrentamiento (ID_ENFRENTAMIENTO,RESULTADO,FECHA,HORA,SET1,SET2,SET3,PAREJA1,PAREJA2,ID_RESERVA,ID_GRUPO,PROPUESTA1,PROPUESTA2) VALUES (106,'2-0','2019-11-13','09:00:00','6-0','6-0','-',28,32,107,10,'2019-11-13 09:00:00','2019-11-13 09:00:00');

INSERT INTO enfrentamiento (ID_ENFRENTAMIENTO,RESULTADO,FECHA,HORA,SET1,SET2,SET3,PAREJA1,PAREJA2,ID_RESERVA,ID_GRUPO,PROPUESTA1,PROPUESTA2) VALUES (107,'2-0','2019-11-05','09:00:00','6-0','6-0','-',29,30,108,10,'2019-11-05 09:00:00','2019-11-05 09:00:00');
INSERT INTO enfrentamiento (ID_ENFRENTAMIENTO,RESULTADO,FECHA,HORA,SET1,SET2,SET3,PAREJA1,PAREJA2,ID_RESERVA,ID_GRUPO,PROPUESTA1,PROPUESTA2) VALUES (108,'2-0','2019-11-08','09:00:00','6-0','6-0','-',29,31,109,10,'2019-11-08 09:00:00','2019-11-08 09:00:00');
INSERT INTO enfrentamiento (ID_ENFRENTAMIENTO,RESULTADO,FECHA,HORA,SET1,SET2,SET3,PAREJA1,PAREJA2,ID_RESERVA,ID_GRUPO,PROPUESTA1,PROPUESTA2) VALUES (109,'2-0','2019-11-11','09:00:00','6-0','6-0','-',29,32,110,10,'2019-11-11 09:00:00','2019-11-11 09:00:00');

INSERT INTO enfrentamiento (ID_ENFRENTAMIENTO,RESULTADO,FECHA,HORA,SET1,SET2,SET3,PAREJA1,PAREJA2,ID_RESERVA,ID_GRUPO,PROPUESTA1,PROPUESTA2) VALUES (110,'2-0','2019-11-06','09:00:00','6-0','6-0','-',30,31,111,10,'2019-11-06 09:00:00','2019-11-06 09:00:00');
INSERT INTO enfrentamiento (ID_ENFRENTAMIENTO,RESULTADO,FECHA,HORA,SET1,SET2,SET3,PAREJA1,PAREJA2,ID_RESERVA,ID_GRUPO,PROPUESTA1,PROPUESTA2) VALUES (111,'2-0','2019-11-09','09:00:00','6-0','6-0','-',30,32,112,10,'2019-11-09 09:00:00','2019-11-09 09:00:00');

INSERT INTO enfrentamiento (ID_ENFRENTAMIENTO,RESULTADO,FECHA,HORA,SET1,SET2,SET3,PAREJA1,PAREJA2,ID_RESERVA,ID_GRUPO,PROPUESTA1,PROPUESTA2) VALUES (112,'2-0','2019-11-07','09:00:00','6-0','6-0','-',31,32,113,10,'2019-11-07 09:00:00','2019-11-07 09:00:00');




-- 1MX
INSERT INTO enfrentamiento (ID_ENFRENTAMIENTO,RESULTADO,FECHA,HORA,SET1,SET2,SET3,PAREJA1,PAREJA2,ID_RESERVA,ID_GRUPO,PROPUESTA1,PROPUESTA2) VALUES (113,'2-0','2019-11-01','10:30:00','6-0','6-0','-',33,34,114,13,'2019-11-01 10:30:00','2019-11-01 10:30:00');
INSERT INTO enfrentamiento (ID_ENFRENTAMIENTO,RESULTADO,FECHA,HORA,SET1,SET2,SET3,PAREJA1,PAREJA2,ID_RESERVA,ID_GRUPO,PROPUESTA1,PROPUESTA2) VALUES (114,'2-0','2019-11-04','10:30:00','6-0','6-0','-',33,35,115,13,'2019-11-04 10:30:00','2019-11-04 10:30:00');
INSERT INTO enfrentamiento (ID_ENFRENTAMIENTO,RESULTADO,FECHA,HORA,SET1,SET2,SET3,PAREJA1,PAREJA2,ID_RESERVA,ID_GRUPO,PROPUESTA1,PROPUESTA2) VALUES (115,'2-0','2019-11-07','10:30:00','6-0','6-0','-',33,36,116,13,'2019-11-07 10:30:00','2019-11-07 10:30:00');
INSERT INTO enfrentamiento (ID_ENFRENTAMIENTO,RESULTADO,FECHA,HORA,SET1,SET2,SET3,PAREJA1,PAREJA2,ID_RESERVA,ID_GRUPO,PROPUESTA1,PROPUESTA2) VALUES (116,'2-0','2019-11-10','10:30:00','6-0','6-0','-',33,37,117,13,'2019-11-10 10:30:00','2019-11-10 10:30:00');
INSERT INTO enfrentamiento (ID_ENFRENTAMIENTO,RESULTADO,FECHA,HORA,SET1,SET2,SET3,PAREJA1,PAREJA2,ID_RESERVA,ID_GRUPO,PROPUESTA1,PROPUESTA2) VALUES (117,'2-0','2019-11-13','10:30:00','6-0','6-0','-',33,38,118,13,'2019-11-13 10:30:00','2019-11-13 10:30:00');
INSERT INTO enfrentamiento (ID_ENFRENTAMIENTO,RESULTADO,FECHA,HORA,SET1,SET2,SET3,PAREJA1,PAREJA2,ID_RESERVA,ID_GRUPO,PROPUESTA1,PROPUESTA2) VALUES (118,NULL,NULL,NULL,NULL,NULL,NULL,33,39,NULL,13,NULL,NULL);
INSERT INTO enfrentamiento (ID_ENFRENTAMIENTO,RESULTADO,FECHA,HORA,SET1,SET2,SET3,PAREJA1,PAREJA2,ID_RESERVA,ID_GRUPO,PROPUESTA1,PROPUESTA2) VALUES (119,NULL,NULL,NULL,NULL,NULL,NULL,33,40,NULL,13,NULL,NULL);

INSERT INTO enfrentamiento (ID_ENFRENTAMIENTO,RESULTADO,FECHA,HORA,SET1,SET2,SET3,PAREJA1,PAREJA2,ID_RESERVA,ID_GRUPO,PROPUESTA1,PROPUESTA2) VALUES (120,'2-0','2019-11-02','10:30:00','6-0','6-0','-',34,35,119,13,'2019-11-02 10:30:00','2019-11-02 10:30:00');

INSERT INTO enfrentamiento (ID_ENFRENTAMIENTO,RESULTADO,FECHA,HORA,SET1,SET2,SET3,PAREJA1,PAREJA2,ID_RESERVA,ID_GRUPO,PROPUESTA1,PROPUESTA2) VALUES (121,'2-0','2019-11-05','10:30:00','6-0','6-0','-',34,36,120,13,'2019-11-05 10:30:00','2019-11-05 10:30:00');
INSERT INTO enfrentamiento (ID_ENFRENTAMIENTO,RESULTADO,FECHA,HORA,SET1,SET2,SET3,PAREJA1,PAREJA2,ID_RESERVA,ID_GRUPO,PROPUESTA1,PROPUESTA2) VALUES (122,'2-0','2019-11-08','10:30:00','6-0','6-0','-',34,37,121,13,'2019-11-08 10:30:00','2019-11-08 10:30:00');
INSERT INTO enfrentamiento (ID_ENFRENTAMIENTO,RESULTADO,FECHA,HORA,SET1,SET2,SET3,PAREJA1,PAREJA2,ID_RESERVA,ID_GRUPO,PROPUESTA1,PROPUESTA2) VALUES (123,'2-0','2019-11-11','10:30:00','6-0','6-0','-',34,38,122,13,'2019-11-11 10:30:00','2019-11-11 10:30:00');
INSERT INTO enfrentamiento (ID_ENFRENTAMIENTO,RESULTADO,FECHA,HORA,SET1,SET2,SET3,PAREJA1,PAREJA2,ID_RESERVA,ID_GRUPO,PROPUESTA1,PROPUESTA2) VALUES (124,NULL,'2020-01-26','10:30:00',NULL,NULL,NULL,34,39,123,13,'2020-01-26 10:30:00','2020-01-26 10:30:00');
INSERT INTO enfrentamiento (ID_ENFRENTAMIENTO,RESULTADO,FECHA,HORA,SET1,SET2,SET3,PAREJA1,PAREJA2,ID_RESERVA,ID_GRUPO,PROPUESTA1,PROPUESTA2) VALUES (125,'2-0','2019-11-17','10:30:00','6-0','6-0','-',34,40,124,13,'2019-11-17 10:30:00','2019-11-17 10:30:00');

INSERT INTO enfrentamiento (ID_ENFRENTAMIENTO,RESULTADO,FECHA,HORA,SET1,SET2,SET3,PAREJA1,PAREJA2,ID_RESERVA,ID_GRUPO,PROPUESTA1,PROPUESTA2) VALUES (126,'2-0','2019-11-03','10:30:00','6-0','6-0','-',35,36,125,13,'2019-11-03 10:30:00','2019-11-03 10:30:00');
INSERT INTO enfrentamiento (ID_ENFRENTAMIENTO,RESULTADO,FECHA,HORA,SET1,SET2,SET3,PAREJA1,PAREJA2,ID_RESERVA,ID_GRUPO,PROPUESTA1,PROPUESTA2) VALUES (127,'2-0','2019-11-06','10:30:00','6-0','6-0','-',35,37,126,13,'2019-11-06 10:30:00','2019-11-06 10:30:00');
INSERT INTO enfrentamiento (ID_ENFRENTAMIENTO,RESULTADO,FECHA,HORA,SET1,SET2,SET3,PAREJA1,PAREJA2,ID_RESERVA,ID_GRUPO,PROPUESTA1,PROPUESTA2) VALUES (128,'2-0','2019-11-09','10:30:00','6-0','6-0','-',35,38,127,13,'2019-11-09 10:30:00','2019-11-09 10:30:00');
INSERT INTO enfrentamiento (ID_ENFRENTAMIENTO,RESULTADO,FECHA,HORA,SET1,SET2,SET3,PAREJA1,PAREJA2,ID_RESERVA,ID_GRUPO,PROPUESTA1,PROPUESTA2) VALUES (129,'2-0','2019-11-12','10:30:00','6-0','6-0','-',35,39,128,13,'2019-11-12 10:30:00','2019-11-12 10:30:00');
INSERT INTO enfrentamiento (ID_ENFRENTAMIENTO,RESULTADO,FECHA,HORA,SET1,SET2,SET3,PAREJA1,PAREJA2,ID_RESERVA,ID_GRUPO,PROPUESTA1,PROPUESTA2) VALUES (130,NULL,'2020-01-28','10:30:00',NULL,NULL,NULL,35,40,129,13,'2020-01-28 10:30:00','2020-01-28 10:30:00');

INSERT INTO enfrentamiento (ID_ENFRENTAMIENTO,RESULTADO,FECHA,HORA,SET1,SET2,SET3,PAREJA1,PAREJA2,ID_RESERVA,ID_GRUPO,PROPUESTA1,PROPUESTA2) VALUES (131,'2-0','2019-11-04','10:30:00','6-0','6-0','-',36,37,130,13,'2019-11-04 10:30:00','2019-11-04 09:00:00');
INSERT INTO enfrentamiento (ID_ENFRENTAMIENTO,RESULTADO,FECHA,HORA,SET1,SET2,SET3,PAREJA1,PAREJA2,ID_RESERVA,ID_GRUPO,PROPUESTA1,PROPUESTA2) VALUES (132,'2-0','2019-11-07','10:30:00','6-0','6-0','-',36,38,131,13,'2019-11-07 10:30:00','2019-11-07 09:00:00');
INSERT INTO enfrentamiento (ID_ENFRENTAMIENTO,RESULTADO,FECHA,HORA,SET1,SET2,SET3,PAREJA1,PAREJA2,ID_RESERVA,ID_GRUPO,PROPUESTA1,PROPUESTA2) VALUES (133,'2-0','2019-11-10','10:30:00','6-0','6-0','-',36,39,132,13,'2019-11-10 10:30:00','2019-11-10 09:00:00');
INSERT INTO enfrentamiento (ID_ENFRENTAMIENTO,RESULTADO,FECHA,HORA,SET1,SET2,SET3,PAREJA1,PAREJA2,ID_RESERVA,ID_GRUPO,PROPUESTA1,PROPUESTA2) VALUES (134,'2-0','2019-11-13','10:30:00','6-0','6-0','-',36,40,133,13,'2019-11-13 10:30:00','2019-11-13 09:00:00');

INSERT INTO enfrentamiento (ID_ENFRENTAMIENTO,RESULTADO,FECHA,HORA,SET1,SET2,SET3,PAREJA1,PAREJA2,ID_RESERVA,ID_GRUPO,PROPUESTA1,PROPUESTA2) VALUES (135,'2-0','2019-11-05','10:30:00','6-0','6-0','-',37,38,134,13,'2019-11-05 10:30:00','2019-11-05 10:30:00');
INSERT INTO enfrentamiento (ID_ENFRENTAMIENTO,RESULTADO,FECHA,HORA,SET1,SET2,SET3,PAREJA1,PAREJA2,ID_RESERVA,ID_GRUPO,PROPUESTA1,PROPUESTA2) VALUES (136,'2-0','2019-11-08','10:30:00','6-0','6-0','-',37,39,135,13,'2019-11-08 10:30:00','2019-11-08 10:30:00');
INSERT INTO enfrentamiento (ID_ENFRENTAMIENTO,RESULTADO,FECHA,HORA,SET1,SET2,SET3,PAREJA1,PAREJA2,ID_RESERVA,ID_GRUPO,PROPUESTA1,PROPUESTA2) VALUES (137,'2-0','2019-11-11','10:30:00','6-0','6-0','-',37,40,136,13,'2019-11-11 10:30:00','2019-11-11 10:30:00');

INSERT INTO enfrentamiento (ID_ENFRENTAMIENTO,RESULTADO,FECHA,HORA,SET1,SET2,SET3,PAREJA1,PAREJA2,ID_RESERVA,ID_GRUPO,PROPUESTA1,PROPUESTA2) VALUES (138,'2-0','2019-11-06','10:30:00','6-0','6-0','-',38,39,137,13,'2019-11-06 10:30:00','2019-11-06 10:30:00');
INSERT INTO enfrentamiento (ID_ENFRENTAMIENTO,RESULTADO,FECHA,HORA,SET1,SET2,SET3,PAREJA1,PAREJA2,ID_RESERVA,ID_GRUPO,PROPUESTA1,PROPUESTA2) VALUES (139,'2-0','2019-11-09','10:30:00','6-0','6-0','-',38,40,138,13,'2019-11-09 10:30:00','2019-11-09 10:30:00');

INSERT INTO enfrentamiento (ID_ENFRENTAMIENTO,RESULTADO,FECHA,HORA,SET1,SET2,SET3,PAREJA1,PAREJA2,ID_RESERVA,ID_GRUPO,PROPUESTA1,PROPUESTA2) VALUES (140,'2-0','2019-11-07','10:30:00','6-0','6-0','-',39,40,139,13,'2019-11-07 10:30:00','2019-11-07 10:30:00');




-- tabla PARTIDO
INSERT INTO partido (ID_PARTIDO,HORA,FECHA,PROMOCION,LOGIN1,LOGIN2,LOGIN3,LOGIN4,ID_RESERVA,CREADOR) VALUES (1,'10:30:00','2020-01-15',1,'asconcepcion','walther','omar','javier',1,'admin');

INSERT INTO partido (ID_PARTIDO,HORA,FECHA,PROMOCION,LOGIN1,LOGIN2,LOGIN3,LOGIN4,ID_RESERVA,CREADOR) VALUES (2,'18:00:00','2019-02-15',1,NULL,NULL,NULL,NULL,NULL,'admin');
INSERT INTO partido (ID_PARTIDO,HORA,FECHA,PROMOCION,LOGIN1,LOGIN2,LOGIN3,LOGIN4,ID_RESERVA,CREADOR) VALUES (3,'18:00:00','2020-02-14',1,'axel','slash','ozzy','tommy',140,'admin');
INSERT INTO partido (ID_PARTIDO,HORA,FECHA,PROMOCION,LOGIN1,LOGIN2,LOGIN3,LOGIN4,ID_RESERVA,CREADOR) VALUES (4,'18:00:00','2020-02-14',1,'omar','oscar','javier',NULL,NULL,'admin');
INSERT INTO partido (ID_PARTIDO,HORA,FECHA,PROMOCION,LOGIN1,LOGIN2,LOGIN3,LOGIN4,ID_RESERVA,CREADOR) VALUES (5,'18:00:00','2020-02-14',1,'elliot','alvaro','paulapeppers',NULL,NULL,'admin');



-- INSERT INTO reserva (ID_PISTA,HORA,FECHA,LOGIN) VALUES (1,'18:00:00','2019-12-14','admin');
INSERT INTO reserva (ID_RESERVA,ID_PISTA,HORA,FECHA,LOGIN) VALUES (156,2,'18:00:00','2020-02-14','admin');
INSERT INTO reserva (ID_RESERVA,ID_PISTA,HORA,FECHA,LOGIN) VALUES (157,3,'18:00:00','2020-02-14','admin');
INSERT INTO reserva (ID_RESERVA,ID_PISTA,HORA,FECHA,LOGIN) VALUES (158,4,'18:00:00','2020-02-14','admin');
INSERT INTO reserva (ID_RESERVA,ID_PISTA,HORA,FECHA,LOGIN) VALUES (159,5,'18:00:00','2020-02-14','admin');


