/*********************************************************/
/* Insertamos datos de ejemplo para todas las tablas     */
/*********************************************************/


USE `abp35_padelweb`;

-- tabla USUARIO

INSERT INTO usuario(LOGIN,NOMBRE,PASSWORD,FECHA_NAC,TELEFONO,EMAIL,GENERO,PERMISO) VALUES ('gacelasoto','Andres','contraseña','1995-01-29','666666666','andres@email.es','masculino',0);
INSERT INTO usuario(LOGIN,NOMBRE,PASSWORD,FECHA_NAC,TELEFONO,EMAIL,GENERO,PERMISO) VALUES ('asconcepcion','Andrew','contraseña','1995-01-29','666666666','andrew@email.es','masculino',0);
INSERT INTO usuario(LOGIN,NOMBRE,PASSWORD,FECHA_NAC,TELEFONO,EMAIL,GENERO,PERMISO) VALUES ('john','John','contraseña','1995-01-29','666666666','john@email.es','masculino',0);
INSERT INTO usuario(LOGIN,NOMBRE,PASSWORD,FECHA_NAC,TELEFONO,EMAIL,GENERO,PERMISO) VALUES ('tommy','Thomas','contraseña','1995-01-29','666666666','thomas@email.es','masculino',0);
INSERT INTO usuario(LOGIN,NOMBRE,PASSWORD,FECHA_NAC,TELEFONO,EMAIL,GENERO,PERMISO) VALUES ('arthur','Arturo','contraseña','1995-01-29','666666666','arturo@email.es','masculino',0);
INSERT INTO usuario(LOGIN,NOMBRE,PASSWORD,FECHA_NAC,TELEFONO,EMAIL,GENERO,PERMISO) VALUES ('elliot','Elias','contraseña','1995-01-29','666666666','elias@email.es','masculino',0);
INSERT INTO usuario(LOGIN,NOMBRE,PASSWORD,FECHA_NAC,TELEFONO,EMAIL,GENERO,PERMISO) VALUES ('joaquin','Joaquin','contraseña','1995-01-29','666666666','joaquin@email.es','masculino',0);
INSERT INTO usuario(LOGIN,NOMBRE,PASSWORD,FECHA_NAC,TELEFONO,EMAIL,GENERO,PERMISO) VALUES ('benancio','Benancio','contraseña','1995-01-29','666666666','benancio@email.es','masculino',0);
INSERT INTO usuario(LOGIN,NOMBRE,PASSWORD,FECHA_NAC,TELEFONO,EMAIL,GENERO,PERMISO) VALUES ('adam','Adam','contraseña','1995-01-29','666666666','adam@email.es','masculino',0);
INSERT INTO usuario(LOGIN,NOMBRE,PASSWORD,FECHA_NAC,TELEFONO,EMAIL,GENERO,PERMISO) VALUES ('paul','Pablo','contraseña','1995-01-29','666666666','pablo@email.es','masculino',0);
INSERT INTO usuario(LOGIN,NOMBRE,PASSWORD,FECHA_NAC,TELEFONO,EMAIL,GENERO,PERMISO) VALUES ('walther','Walter','contraseña','1995-01-29','666666666','walther@email.es','masculino',0);
INSERT INTO usuario(LOGIN,NOMBRE,PASSWORD,FECHA_NAC,TELEFONO,EMAIL,GENERO,PERMISO) VALUES ('jesse','Jesse','contraseña','1995-01-29','666666666','jesse@email.es','masculino',0);
INSERT INTO usuario(LOGIN,NOMBRE,PASSWORD,FECHA_NAC,TELEFONO,EMAIL,GENERO,PERMISO) VALUES ('gus','Gus','contraseña','1995-01-29','666666666','gus@email.es','masculino',0);
INSERT INTO usuario(LOGIN,NOMBRE,PASSWORD,FECHA_NAC,TELEFONO,EMAIL,GENERO,PERMISO) VALUES ('hank','Hank','contraseña','1995-01-29','666666666','hank@email.es','masculino',0);
INSERT INTO usuario(LOGIN,NOMBRE,PASSWORD,FECHA_NAC,TELEFONO,EMAIL,GENERO,PERMISO) VALUES ('todd','Todd','contraseña','1995-01-29','666666666','todd@email.es','masculino',0);
INSERT INTO usuario(LOGIN,NOMBRE,PASSWORD,FECHA_NAC,TELEFONO,EMAIL,GENERO,PERMISO) VALUES ('max','Max','contraseña','1995-01-29','666666666','max@email.es','masculino',0);
INSERT INTO usuario(LOGIN,NOMBRE,PASSWORD,FECHA_NAC,TELEFONO,EMAIL,GENERO,PERMISO) VALUES ('alex','Alex','contraseña','1995-01-29','666666666','alex@email.es','masculino',0);
INSERT INTO usuario(LOGIN,NOMBRE,PASSWORD,FECHA_NAC,TELEFONO,EMAIL,GENERO,PERMISO) VALUES ('oscar','Oscar','contraseña','1995-01-29','666666666','oscar@email.es','masculino',0);
INSERT INTO usuario(LOGIN,NOMBRE,PASSWORD,FECHA_NAC,TELEFONO,EMAIL,GENERO,PERMISO) VALUES ('robert','Robert','contraseña','1995-01-29','666666666','robert@email.es','masculino',0);
INSERT INTO usuario(LOGIN,NOMBRE,PASSWORD,FECHA_NAC,TELEFONO,EMAIL,GENERO,PERMISO) VALUES ('patricio','Patricio','contraseña','1995-01-29','666666666','patricio@email.es','masculino',0);
INSERT INTO usuario(LOGIN,NOMBRE,PASSWORD,FECHA_NAC,TELEFONO,EMAIL,GENERO,PERMISO) VALUES ('pitbull','Pitbull','contraseña','1995-01-29','666666666','pitbull@email.es','masculino',0);
INSERT INTO usuario(LOGIN,NOMBRE,PASSWORD,FECHA_NAC,TELEFONO,EMAIL,GENERO,PERMISO) VALUES ('axel','Axel','contraseña','1995-01-29','666666666','axel@email.es','masculino',0);
INSERT INTO usuario(LOGIN,NOMBRE,PASSWORD,FECHA_NAC,TELEFONO,EMAIL,GENERO,PERMISO) VALUES ('slash','Slash','contraseña','1995-01-29','666666666','slash@email.es','masculino',0);
INSERT INTO usuario(LOGIN,NOMBRE,PASSWORD,FECHA_NAC,TELEFONO,EMAIL,GENERO,PERMISO) VALUES ('izzy','Izzy','contraseña','1995-01-29','666666666','izzy@email.es','masculino',0);
INSERT INTO usuario(LOGIN,NOMBRE,PASSWORD,FECHA_NAC,TELEFONO,EMAIL,GENERO,PERMISO) VALUES ('ozzy','Ozzy','contraseña','1995-01-29','666666666','ozzy@email.es','masculino',0);
INSERT INTO usuario(LOGIN,NOMBRE,PASSWORD,FECHA_NAC,TELEFONO,EMAIL,GENERO,PERMISO) VALUES ('jimmy','Jimmy','contraseña','1995-01-29','666666666','jimmy@email.es','masculino',0);
INSERT INTO usuario(LOGIN,NOMBRE,PASSWORD,FECHA_NAC,TELEFONO,EMAIL,GENERO,PERMISO) VALUES ('stevie','Stevie','contraseña','1995-01-29','666666666','stevie@email.es','masculino',0);
INSERT INTO usuario(LOGIN,NOMBRE,PASSWORD,FECHA_NAC,TELEFONO,EMAIL,GENERO,PERMISO) VALUES ('rodolfo','Rodolfo','contraseña','1995-01-29','666666666','rodolfo@email.es','masculino',0);
INSERT INTO usuario(LOGIN,NOMBRE,PASSWORD,FECHA_NAC,TELEFONO,EMAIL,GENERO,PERMISO) VALUES ('omar','Omar','contraseña','1995-01-29','666666666','omar@email.es','masculino',0);
INSERT INTO usuario(LOGIN,NOMBRE,PASSWORD,FECHA_NAC,TELEFONO,EMAIL,GENERO,PERMISO) VALUES ('javier','Javier','contraseña','1995-01-29','666666666','javier@email.es','masculino',0);
INSERT INTO usuario(LOGIN,NOMBRE,PASSWORD,FECHA_NAC,TELEFONO,EMAIL,GENERO,PERMISO) VALUES ('alvaro','Alvaro','contraseña','1995-01-29','666666666','alvaro@email.es','masculino',0);
INSERT INTO usuario(LOGIN,NOMBRE,PASSWORD,FECHA_NAC,TELEFONO,EMAIL,GENERO,PERMISO) VALUES ('jaime','Jaime','contraseña','1995-01-29','666666666','jaime@email.es','masculino',0);
INSERT INTO usuario(LOGIN,NOMBRE,PASSWORD,FECHA_NAC,TELEFONO,EMAIL,GENERO,PERMISO) VALUES ('rodrigo','Rodrigo','contraseña','1995-01-29','666666666','rodrigo@email.es','masculino',0);
INSERT INTO usuario(LOGIN,NOMBRE,PASSWORD,FECHA_NAC,TELEFONO,EMAIL,GENERO,PERMISO) VALUES ('luis','Luis','contraseña','1995-01-29','666666666','luis@email.es','masculino',0);
INSERT INTO usuario(LOGIN,NOMBRE,PASSWORD,FECHA_NAC,TELEFONO,EMAIL,GENERO,PERMISO) VALUES ('yago','Yago','contraseña','1995-01-29','666666666','yago@email.es','masculino',0);
INSERT INTO usuario(LOGIN,NOMBRE,PASSWORD,FECHA_NAC,TELEFONO,EMAIL,GENERO,PERMISO) VALUES ('iago','Iago','contraseña','1995-01-29','666666666','iago@email.es','masculino',0);
INSERT INTO usuario(LOGIN,NOMBRE,PASSWORD,FECHA_NAC,TELEFONO,EMAIL,GENERO,PERMISO) VALUES ('user1','user1','contraseña','1995-01-29','666666666','user1@email.es','masculino',0);
INSERT INTO usuario(LOGIN,NOMBRE,PASSWORD,FECHA_NAC,TELEFONO,EMAIL,GENERO,PERMISO) VALUES ('user2','user2','contraseña','1995-01-29','666666666','user2@email.es','masculino',0);
INSERT INTO usuario(LOGIN,NOMBRE,PASSWORD,FECHA_NAC,TELEFONO,EMAIL,GENERO,PERMISO) VALUES ('user3','user3','contraseña','1995-01-29','666666666','user3@email.es','masculino',0);
INSERT INTO usuario(LOGIN,NOMBRE,PASSWORD,FECHA_NAC,TELEFONO,EMAIL,GENERO,PERMISO) VALUES ('user4','user4','contraseña','1995-01-29','666666666','user4@email.es','masculino',0);




INSERT INTO usuario(LOGIN,NOMBRE,PASSWORD,FECHA_NAC,TELEFONO,EMAIL,GENERO,PERMISO) VALUES ('paulapeppers','Paula','contraseña','1995-01-29','666666666','paula@email.es','femenino',0);
INSERT INTO usuario(LOGIN,NOMBRE,PASSWORD,FECHA_NAC,TELEFONO,EMAIL,GENERO,PERMISO) VALUES ('darlene','Darlene','contraseña','1995-01-29','666666666','darlene@email.es','femenino',0);
INSERT INTO usuario(LOGIN,NOMBRE,PASSWORD,FECHA_NAC,TELEFONO,EMAIL,GENERO,PERMISO) VALUES ('lucia','Lucia','contraseña','1995-01-29','666666666','lucia@email.es','femenino',0);
INSERT INTO usuario(LOGIN,NOMBRE,PASSWORD,FECHA_NAC,TELEFONO,EMAIL,GENERO,PERMISO) VALUES ('leslie','Uxia','contraseña','1995-01-29','666666666','uxia@email.es','femenino',0);
INSERT INTO usuario(LOGIN,NOMBRE,PASSWORD,FECHA_NAC,TELEFONO,EMAIL,GENERO,PERMISO) VALUES ('marie','Marie','contraseña','1995-01-29','666666666','marie@email.es','femenino',0);
INSERT INTO usuario(LOGIN,NOMBRE,PASSWORD,FECHA_NAC,TELEFONO,EMAIL,GENERO,PERMISO) VALUES ('skyler','Skyler','contraseña','1995-01-29','666666666','skyler@email.es','femenino',0);
INSERT INTO usuario(LOGIN,NOMBRE,PASSWORD,FECHA_NAC,TELEFONO,EMAIL,GENERO,PERMISO) VALUES ('sarah','Sarah','contraseña','1995-01-29','666666666','sarah@email.es','femenino',0);
INSERT INTO usuario(LOGIN,NOMBRE,PASSWORD,FECHA_NAC,TELEFONO,EMAIL,GENERO,PERMISO) VALUES ('laura','Laura','contraseña','1995-01-29','666666666','laura@email.es','femenino',0);
INSERT INTO usuario(LOGIN,NOMBRE,PASSWORD,FECHA_NAC,TELEFONO,EMAIL,GENERO,PERMISO) VALUES ('bea','Bea','contraseña','1995-01-29','666666666','bea@email.es','femenino',0);
INSERT INTO usuario(LOGIN,NOMBRE,PASSWORD,FECHA_NAC,TELEFONO,EMAIL,GENERO,PERMISO) VALUES ('lucy','Lucy','contraseña','1995-01-29','666666666','lucy@email.es','femenino',0);
INSERT INTO usuario(LOGIN,NOMBRE,PASSWORD,FECHA_NAC,TELEFONO,EMAIL,GENERO,PERMISO) VALUES ('clara','Clara','contraseña','1995-01-29','666666666','clara@email.es','femenino',0);
INSERT INTO usuario(LOGIN,NOMBRE,PASSWORD,FECHA_NAC,TELEFONO,EMAIL,GENERO,PERMISO) VALUES ('leticia','Leticia','contraseña','1995-01-29','666666666','leticia@email.es','femenino',0);
INSERT INTO usuario(LOGIN,NOMBRE,PASSWORD,FECHA_NAC,TELEFONO,EMAIL,GENERO,PERMISO) VALUES ('paloma','Paloma','contraseña','1995-01-29','666666666','paloma@email.es','femenino',0);
INSERT INTO usuario(LOGIN,NOMBRE,PASSWORD,FECHA_NAC,TELEFONO,EMAIL,GENERO,PERMISO) VALUES ('ana','Ana','contraseña','1995-01-29','666666666','ana@email.es','femenino',0);
INSERT INTO usuario(LOGIN,NOMBRE,PASSWORD,FECHA_NAC,TELEFONO,EMAIL,GENERO,PERMISO) VALUES ('claudia','Claudia','contraseña','1995-01-29','666666666','claudia@email.es','femenino',0);
INSERT INTO usuario(LOGIN,NOMBRE,PASSWORD,FECHA_NAC,TELEFONO,EMAIL,GENERO,PERMISO) VALUES ('mar','Mar','contraseña','1995-01-29','666666666','mar@email.es','femenino',0);
INSERT INTO usuario(LOGIN,NOMBRE,PASSWORD,FECHA_NAC,TELEFONO,EMAIL,GENERO,PERMISO) VALUES ('lara','Lara','contraseña','1995-01-29','666666666','lara@email.es','femenino',0);
INSERT INTO usuario(LOGIN,NOMBRE,PASSWORD,FECHA_NAC,TELEFONO,EMAIL,GENERO,PERMISO) VALUES ('marga','Marga','contraseña','1995-01-29','666666666','marga@email.es','femenino',0);
INSERT INTO usuario(LOGIN,NOMBRE,PASSWORD,FECHA_NAC,TELEFONO,EMAIL,GENERO,PERMISO) VALUES ('concha','Concha','contraseña','1995-01-29','666666666','concha@email.es','femenino',0);
INSERT INTO usuario(LOGIN,NOMBRE,PASSWORD,FECHA_NAC,TELEFONO,EMAIL,GENERO,PERMISO) VALUES ('marta','Marta','contraseña','1995-01-29','666666666','marta@email.es','femenino',0);
INSERT INTO usuario(LOGIN,NOMBRE,PASSWORD,FECHA_NAC,TELEFONO,EMAIL,GENERO,PERMISO) VALUES ('user5','user5','contraseña','1995-01-29','666666666','user5@email.es','femenino',0);
INSERT INTO usuario(LOGIN,NOMBRE,PASSWORD,FECHA_NAC,TELEFONO,EMAIL,GENERO,PERMISO) VALUES ('user6','user6','contraseña','1995-01-29','666666666','user6@email.es','femenino',0);
INSERT INTO usuario(LOGIN,NOMBRE,PASSWORD,FECHA_NAC,TELEFONO,EMAIL,GENERO,PERMISO) VALUES ('user7','user7','contraseña','1995-01-29','666666666','user7@email.es','femenino',0);
INSERT INTO usuario(LOGIN,NOMBRE,PASSWORD,FECHA_NAC,TELEFONO,EMAIL,GENERO,PERMISO) VALUES ('user8','user8','contraseña','1995-01-29','666666666','user8@email.es','femenino',0);

INSERT INTO usuario(LOGIN,NOMBRE,PASSWORD,FECHA_NAC,TELEFONO,EMAIL,GENERO,PERMISO) VALUES ('user9','user9','contraseña','1995-01-29','666666666','user9@email.es','femenino',0);
INSERT INTO usuario(LOGIN,NOMBRE,PASSWORD,FECHA_NAC,TELEFONO,EMAIL,GENERO,PERMISO) VALUES ('user10','user10','contraseña','1995-01-29','666666666','user10@email.es','femenino',0);
INSERT INTO usuario(LOGIN,NOMBRE,PASSWORD,FECHA_NAC,TELEFONO,EMAIL,GENERO,PERMISO) VALUES ('user11','user11','contraseña','1995-01-29','666666666','user11@email.es','femenino',0);
INSERT INTO usuario(LOGIN,NOMBRE,PASSWORD,FECHA_NAC,TELEFONO,EMAIL,GENERO,PERMISO) VALUES ('user12','user12','contraseña','1995-01-29','666666666','user12@email.es','femenino',0);
INSERT INTO usuario(LOGIN,NOMBRE,PASSWORD,FECHA_NAC,TELEFONO,EMAIL,GENERO,PERMISO) VALUES ('user13','user13','contraseña','1995-01-29','666666666','user13@email.es','femenino',0);
INSERT INTO usuario(LOGIN,NOMBRE,PASSWORD,FECHA_NAC,TELEFONO,EMAIL,GENERO,PERMISO) VALUES ('user14','user14','contraseña','1995-01-29','666666666','user14@email.es','femenino',0);
INSERT INTO usuario(LOGIN,NOMBRE,PASSWORD,FECHA_NAC,TELEFONO,EMAIL,GENERO,PERMISO) VALUES ('user15','user15','contraseña','1995-01-29','666666666','user15@email.es','femenino',0);
INSERT INTO usuario(LOGIN,NOMBRE,PASSWORD,FECHA_NAC,TELEFONO,EMAIL,GENERO,PERMISO) VALUES ('user16','user16','contraseña','1995-01-29','666666666','user16@email.es','femenino',0);
INSERT INTO usuario(LOGIN,NOMBRE,PASSWORD,FECHA_NAC,TELEFONO,EMAIL,GENERO,PERMISO) VALUES ('user17','user17','contraseña','1995-01-29','666666666','user17@email.es','femenino',0);





-- tabla PISTA
INSERT INTO pista(ID_PISTA,ESTADO) VALUES (1,1);
INSERT INTO pista(ID_PISTA,ESTADO) VALUES (2,1);
INSERT INTO pista(ID_PISTA,ESTADO) VALUES (3,1);
INSERT INTO pista(ID_PISTA,ESTADO) VALUES (4,1);
INSERT INTO pista(ID_PISTA,ESTADO) VALUES (5,1);
INSERT INTO pista(ID_PISTA,ESTADO) VALUES (6,1);
INSERT INTO pista(ID_PISTA,ESTADO) VALUES (7,0);





-- tabla CAMPEONATO

INSERT INTO campeonato (NOMBRE,FECHA_INICIO,FECHA_FIN,FECHA_INICIO_INSCRIPCIONES,FECHA_FIN_INSCRIPCIONES) VALUES ('ROLAND','2019-10-01 09:00:00','2019-10-31 23:59:59','2019-09-01 09:00:00','2019-09-30 23:59:59');
INSERT INTO campeonato (NOMBRE,FECHA_INICIO,FECHA_FIN,FECHA_INICIO_INSCRIPCIONES,FECHA_FIN_INSCRIPCIONES) VALUES ('MASTERS','2019-11-01 09:00:00','2019-11-30 23:59:59','2019-10-01 09:00:00','2019-10-31 23:59:59');
INSERT INTO campeonato (NOMBRE,FECHA_INICIO,FECHA_FIN,FECHA_INICIO_INSCRIPCIONES,FECHA_FIN_INSCRIPCIONES) VALUES ('OPEN','2020-01-01 09:00:00','2020-01-31 23:59:59','2019-11-01 09:00:00','2019-11-15 23:59:59');

INSERT INTO campeonato (NOMBRE,FECHA_INICIO,FECHA_FIN,FECHA_INICIO_INSCRIPCIONES,FECHA_FIN_INSCRIPCIONES) VALUES ('OURENSE','2020-06-01 09:00:00','2020-07-31 23:59:59','2019-11-01 09:00:00','2019-12-31 23:59:59');






-- tabla RESERVA
INSERT INTO reserva (ID_PISTA,HORA,FECHA,LOGIN) VALUES (1,'10:30:00','2020-11-15','admin');



-- reservas ROLAND

-- 1M
INSERT INTO reserva (ID_PISTA,HORA,FECHA,LOGIN) VALUES (1,'09:00:00','2019-10-01','admin');
INSERT INTO reserva (ID_PISTA,HORA,FECHA,LOGIN) VALUES (1,'09:00:00','2019-10-04','admin');
INSERT INTO reserva (ID_PISTA,HORA,FECHA,LOGIN) VALUES (1,'09:00:00','2019-10-07','admin');
INSERT INTO reserva (ID_PISTA,HORA,FECHA,LOGIN) VALUES (1,'09:00:00','2019-10-10','admin');
INSERT INTO reserva (ID_PISTA,HORA,FECHA,LOGIN) VALUES (1,'09:00:00','2019-10-13','admin');
INSERT INTO reserva (ID_PISTA,HORA,FECHA,LOGIN) VALUES (1,'09:00:00','2019-10-16','admin');
INSERT INTO reserva (ID_PISTA,HORA,FECHA,LOGIN) VALUES (1,'09:00:00','2019-10-19','admin');

INSERT INTO reserva (ID_PISTA,HORA,FECHA,LOGIN) VALUES (1,'09:00:00','2019-10-02','admin');
INSERT INTO reserva (ID_PISTA,HORA,FECHA,LOGIN) VALUES (1,'09:00:00','2019-10-05','admin');
INSERT INTO reserva (ID_PISTA,HORA,FECHA,LOGIN) VALUES (1,'09:00:00','2019-10-08','admin');
INSERT INTO reserva (ID_PISTA,HORA,FECHA,LOGIN) VALUES (1,'09:00:00','2019-10-11','admin');
INSERT INTO reserva (ID_PISTA,HORA,FECHA,LOGIN) VALUES (1,'09:00:00','2019-10-14','admin');
INSERT INTO reserva (ID_PISTA,HORA,FECHA,LOGIN) VALUES (1,'09:00:00','2019-10-17','admin');

INSERT INTO reserva (ID_PISTA,HORA,FECHA,LOGIN) VALUES (1,'09:00:00','2019-10-03','admin');
INSERT INTO reserva (ID_PISTA,HORA,FECHA,LOGIN) VALUES (1,'09:00:00','2019-10-06','admin');
INSERT INTO reserva (ID_PISTA,HORA,FECHA,LOGIN) VALUES (1,'09:00:00','2019-10-09','admin');
INSERT INTO reserva (ID_PISTA,HORA,FECHA,LOGIN) VALUES (1,'09:00:00','2019-10-12','admin');
INSERT INTO reserva (ID_PISTA,HORA,FECHA,LOGIN) VALUES (1,'09:00:00','2019-10-15','admin');

INSERT INTO reserva (ID_PISTA,HORA,FECHA,LOGIN) VALUES (2,'09:00:00','2019-10-04','admin');
INSERT INTO reserva (ID_PISTA,HORA,FECHA,LOGIN) VALUES (2,'09:00:00','2019-10-07','admin');
INSERT INTO reserva (ID_PISTA,HORA,FECHA,LOGIN) VALUES (2,'09:00:00','2019-10-10','admin');
INSERT INTO reserva (ID_PISTA,HORA,FECHA,LOGIN) VALUES (2,'09:00:00','2019-10-13','admin');

INSERT INTO reserva (ID_PISTA,HORA,FECHA,LOGIN) VALUES (2,'09:00:00','2019-10-05','admin');
INSERT INTO reserva (ID_PISTA,HORA,FECHA,LOGIN) VALUES (2,'09:00:00','2019-10-08','admin');
INSERT INTO reserva (ID_PISTA,HORA,FECHA,LOGIN) VALUES (2,'09:00:00','2019-10-11','admin');

INSERT INTO reserva (ID_PISTA,HORA,FECHA,LOGIN) VALUES (2,'09:00:00','2019-10-06','admin');
INSERT INTO reserva (ID_PISTA,HORA,FECHA,LOGIN) VALUES (2,'09:00:00','2019-10-09','admin');

INSERT INTO reserva (ID_PISTA,HORA,FECHA,LOGIN) VALUES (3,'09:00:00','2019-10-07','admin');






-- 1F
INSERT INTO reserva (ID_PISTA,HORA,FECHA,LOGIN) VALUES (1,'10:30:00','2019-10-01','admin');
INSERT INTO reserva (ID_PISTA,HORA,FECHA,LOGIN) VALUES (1,'10:30:00','2019-10-04','admin');
INSERT INTO reserva (ID_PISTA,HORA,FECHA,LOGIN) VALUES (1,'10:30:00','2019-10-07','admin');
INSERT INTO reserva (ID_PISTA,HORA,FECHA,LOGIN) VALUES (1,'10:30:00','2019-10-10','admin');
INSERT INTO reserva (ID_PISTA,HORA,FECHA,LOGIN) VALUES (1,'10:30:00','2019-10-13','admin');
INSERT INTO reserva (ID_PISTA,HORA,FECHA,LOGIN) VALUES (1,'10:30:00','2019-10-16','admin');
INSERT INTO reserva (ID_PISTA,HORA,FECHA,LOGIN) VALUES (1,'10:30:00','2019-10-19','admin');

INSERT INTO reserva (ID_PISTA,HORA,FECHA,LOGIN) VALUES (1,'10:30:00','2019-10-02','admin');
INSERT INTO reserva (ID_PISTA,HORA,FECHA,LOGIN) VALUES (1,'10:30:00','2019-10-05','admin');
INSERT INTO reserva (ID_PISTA,HORA,FECHA,LOGIN) VALUES (1,'10:30:00','2019-10-08','admin');
INSERT INTO reserva (ID_PISTA,HORA,FECHA,LOGIN) VALUES (1,'10:30:00','2019-10-11','admin');
INSERT INTO reserva (ID_PISTA,HORA,FECHA,LOGIN) VALUES (1,'10:30:00','2019-10-14','admin');
INSERT INTO reserva (ID_PISTA,HORA,FECHA,LOGIN) VALUES (1,'10:30:00','2019-10-17','admin');

INSERT INTO reserva (ID_PISTA,HORA,FECHA,LOGIN) VALUES (1,'10:30:00','2019-10-03','admin');
INSERT INTO reserva (ID_PISTA,HORA,FECHA,LOGIN) VALUES (1,'10:30:00','2019-10-06','admin');
INSERT INTO reserva (ID_PISTA,HORA,FECHA,LOGIN) VALUES (1,'10:30:00','2019-10-09','admin');
INSERT INTO reserva (ID_PISTA,HORA,FECHA,LOGIN) VALUES (1,'10:30:00','2019-10-12','admin');
INSERT INTO reserva (ID_PISTA,HORA,FECHA,LOGIN) VALUES (1,'10:30:00','2019-10-15','admin');

INSERT INTO reserva (ID_PISTA,HORA,FECHA,LOGIN) VALUES (2,'10:30:00','2019-10-04','admin');
INSERT INTO reserva (ID_PISTA,HORA,FECHA,LOGIN) VALUES (2,'10:30:00','2019-10-07','admin');
INSERT INTO reserva (ID_PISTA,HORA,FECHA,LOGIN) VALUES (2,'10:30:00','2019-10-10','admin');
INSERT INTO reserva (ID_PISTA,HORA,FECHA,LOGIN) VALUES (2,'10:30:00','2019-10-13','admin');

INSERT INTO reserva (ID_PISTA,HORA,FECHA,LOGIN) VALUES (2,'10:30:00','2019-10-05','admin');
INSERT INTO reserva (ID_PISTA,HORA,FECHA,LOGIN) VALUES (2,'10:30:00','2019-10-08','admin');
INSERT INTO reserva (ID_PISTA,HORA,FECHA,LOGIN) VALUES (2,'10:30:00','2019-10-11','admin');

INSERT INTO reserva (ID_PISTA,HORA,FECHA,LOGIN) VALUES (2,'10:30:00','2019-10-06','admin');
INSERT INTO reserva (ID_PISTA,HORA,FECHA,LOGIN) VALUES (2,'10:30:00','2019-10-09','admin');

INSERT INTO reserva (ID_PISTA,HORA,FECHA,LOGIN) VALUES (3,'10:30:00','2019-10-07','admin');



-- 1MX
INSERT INTO reserva (ID_PISTA,HORA,FECHA,LOGIN) VALUES (1,'12:00:00','2019-10-01','admin');
INSERT INTO reserva (ID_PISTA,HORA,FECHA,LOGIN) VALUES (1,'12:00:00','2019-10-04','admin');
INSERT INTO reserva (ID_PISTA,HORA,FECHA,LOGIN) VALUES (1,'12:00:00','2019-10-07','admin');
INSERT INTO reserva (ID_PISTA,HORA,FECHA,LOGIN) VALUES (1,'12:00:00','2019-10-10','admin');
INSERT INTO reserva (ID_PISTA,HORA,FECHA,LOGIN) VALUES (1,'12:00:00','2019-10-13','admin');
INSERT INTO reserva (ID_PISTA,HORA,FECHA,LOGIN) VALUES (1,'12:00:00','2019-10-16','admin');
INSERT INTO reserva (ID_PISTA,HORA,FECHA,LOGIN) VALUES (1,'12:00:00','2019-10-19','admin');

INSERT INTO reserva (ID_PISTA,HORA,FECHA,LOGIN) VALUES (1,'12:00:00','2019-10-02','admin');
INSERT INTO reserva (ID_PISTA,HORA,FECHA,LOGIN) VALUES (1,'12:00:00','2019-10-05','admin');
INSERT INTO reserva (ID_PISTA,HORA,FECHA,LOGIN) VALUES (1,'12:00:00','2019-10-08','admin');
INSERT INTO reserva (ID_PISTA,HORA,FECHA,LOGIN) VALUES (1,'12:00:00','2019-10-11','admin');
INSERT INTO reserva (ID_PISTA,HORA,FECHA,LOGIN) VALUES (1,'12:00:00','2019-10-14','admin');
INSERT INTO reserva (ID_PISTA,HORA,FECHA,LOGIN) VALUES (1,'12:00:00','2019-10-17','admin');

INSERT INTO reserva (ID_PISTA,HORA,FECHA,LOGIN) VALUES (1,'12:00:00','2019-10-03','admin');
INSERT INTO reserva (ID_PISTA,HORA,FECHA,LOGIN) VALUES (1,'12:00:00','2019-10-06','admin');
INSERT INTO reserva (ID_PISTA,HORA,FECHA,LOGIN) VALUES (1,'12:00:00','2019-10-09','admin');
INSERT INTO reserva (ID_PISTA,HORA,FECHA,LOGIN) VALUES (1,'12:00:00','2019-10-12','admin');
INSERT INTO reserva (ID_PISTA,HORA,FECHA,LOGIN) VALUES (1,'12:00:00','2019-10-15','admin');

INSERT INTO reserva (ID_PISTA,HORA,FECHA,LOGIN) VALUES (2,'12:00:00','2019-10-04','admin');
INSERT INTO reserva (ID_PISTA,HORA,FECHA,LOGIN) VALUES (2,'12:00:00','2019-10-07','admin');
INSERT INTO reserva (ID_PISTA,HORA,FECHA,LOGIN) VALUES (2,'12:00:00','2019-10-10','admin');
INSERT INTO reserva (ID_PISTA,HORA,FECHA,LOGIN) VALUES (2,'12:00:00','2019-10-13','admin');

INSERT INTO reserva (ID_PISTA,HORA,FECHA,LOGIN) VALUES (2,'12:00:00','2019-10-05','admin');
INSERT INTO reserva (ID_PISTA,HORA,FECHA,LOGIN) VALUES (2,'12:00:00','2019-10-08','admin');
INSERT INTO reserva (ID_PISTA,HORA,FECHA,LOGIN) VALUES (2,'12:00:00','2019-10-11','admin');

INSERT INTO reserva (ID_PISTA,HORA,FECHA,LOGIN) VALUES (2,'12:00:00','2019-10-06','admin');
INSERT INTO reserva (ID_PISTA,HORA,FECHA,LOGIN) VALUES (2,'12:00:00','2019-10-09','admin');

INSERT INTO reserva (ID_PISTA,HORA,FECHA,LOGIN) VALUES (3,'12:00:00','2019-10-07','admin');







-- reservas MASTERS
-- 1M

INSERT INTO reserva (ID_PISTA,HORA,FECHA,LOGIN) VALUES (1,'09:00:00','2019-11-01','admin');
INSERT INTO reserva (ID_PISTA,HORA,FECHA,LOGIN) VALUES (1,'09:00:00','2019-11-04','admin');
INSERT INTO reserva (ID_PISTA,HORA,FECHA,LOGIN) VALUES (1,'09:00:00','2019-11-07','admin');
INSERT INTO reserva (ID_PISTA,HORA,FECHA,LOGIN) VALUES (1,'09:00:00','2019-11-10','admin');
INSERT INTO reserva (ID_PISTA,HORA,FECHA,LOGIN) VALUES (1,'09:00:00','2019-11-13','admin');
INSERT INTO reserva (ID_PISTA,HORA,FECHA,LOGIN) VALUES (1,'09:00:00','2019-11-16','admin');
INSERT INTO reserva (ID_PISTA,HORA,FECHA,LOGIN) VALUES (1,'09:00:00','2019-11-19','admin');

INSERT INTO reserva (ID_PISTA,HORA,FECHA,LOGIN) VALUES (1,'09:00:00','2019-11-02','admin');
INSERT INTO reserva (ID_PISTA,HORA,FECHA,LOGIN) VALUES (1,'09:00:00','2019-11-05','admin');
INSERT INTO reserva (ID_PISTA,HORA,FECHA,LOGIN) VALUES (1,'09:00:00','2019-11-08','admin');
INSERT INTO reserva (ID_PISTA,HORA,FECHA,LOGIN) VALUES (1,'09:00:00','2019-11-11','admin');
INSERT INTO reserva (ID_PISTA,HORA,FECHA,LOGIN) VALUES (1,'09:00:00','2019-11-14','admin');
INSERT INTO reserva (ID_PISTA,HORA,FECHA,LOGIN) VALUES (1,'09:00:00','2019-11-17','admin');

INSERT INTO reserva (ID_PISTA,HORA,FECHA,LOGIN) VALUES (1,'09:00:00','2019-11-03','admin');
INSERT INTO reserva (ID_PISTA,HORA,FECHA,LOGIN) VALUES (1,'09:00:00','2019-11-06','admin');
INSERT INTO reserva (ID_PISTA,HORA,FECHA,LOGIN) VALUES (1,'09:00:00','2019-11-09','admin');
INSERT INTO reserva (ID_PISTA,HORA,FECHA,LOGIN) VALUES (1,'09:00:00','2019-11-12','admin');
INSERT INTO reserva (ID_PISTA,HORA,FECHA,LOGIN) VALUES (1,'09:00:00','2019-11-15','admin');

INSERT INTO reserva (ID_PISTA,HORA,FECHA,LOGIN) VALUES (2,'09:00:00','2019-11-04','admin');
INSERT INTO reserva (ID_PISTA,HORA,FECHA,LOGIN) VALUES (2,'09:00:00','2019-11-07','admin');
INSERT INTO reserva (ID_PISTA,HORA,FECHA,LOGIN) VALUES (2,'09:00:00','2019-11-10','admin');
INSERT INTO reserva (ID_PISTA,HORA,FECHA,LOGIN) VALUES (2,'09:00:00','2019-11-13','admin');

INSERT INTO reserva (ID_PISTA,HORA,FECHA,LOGIN) VALUES (2,'09:00:00','2019-11-05','admin');
INSERT INTO reserva (ID_PISTA,HORA,FECHA,LOGIN) VALUES (2,'09:00:00','2019-11-08','admin');
INSERT INTO reserva (ID_PISTA,HORA,FECHA,LOGIN) VALUES (2,'09:00:00','2019-11-11','admin');

INSERT INTO reserva (ID_PISTA,HORA,FECHA,LOGIN) VALUES (2,'09:00:00','2019-11-06','admin');
INSERT INTO reserva (ID_PISTA,HORA,FECHA,LOGIN) VALUES (2,'09:00:00','2019-11-09','admin');

INSERT INTO reserva (ID_PISTA,HORA,FECHA,LOGIN) VALUES (3,'09:00:00','2019-11-07','admin');



-- 1F
INSERT INTO reserva (ID_PISTA,HORA,FECHA,LOGIN) VALUES (1,'10:30:00','2019-11-01','admin');
INSERT INTO reserva (ID_PISTA,HORA,FECHA,LOGIN) VALUES (1,'10:30:00','2019-11-04','admin');
INSERT INTO reserva (ID_PISTA,HORA,FECHA,LOGIN) VALUES (1,'10:30:00','2019-11-07','admin');
INSERT INTO reserva (ID_PISTA,HORA,FECHA,LOGIN) VALUES (1,'10:30:00','2019-11-10','admin');
INSERT INTO reserva (ID_PISTA,HORA,FECHA,LOGIN) VALUES (1,'10:30:00','2019-11-13','admin');
INSERT INTO reserva (ID_PISTA,HORA,FECHA,LOGIN) VALUES (1,'10:30:00','2019-11-16','admin');
INSERT INTO reserva (ID_PISTA,HORA,FECHA,LOGIN) VALUES (1,'10:30:00','2019-11-19','admin');

INSERT INTO reserva (ID_PISTA,HORA,FECHA,LOGIN) VALUES (1,'10:30:00','2019-11-02','admin');
INSERT INTO reserva (ID_PISTA,HORA,FECHA,LOGIN) VALUES (1,'10:30:00','2019-11-05','admin');
INSERT INTO reserva (ID_PISTA,HORA,FECHA,LOGIN) VALUES (1,'10:30:00','2019-11-08','admin');
INSERT INTO reserva (ID_PISTA,HORA,FECHA,LOGIN) VALUES (1,'10:30:00','2019-11-11','admin');
INSERT INTO reserva (ID_PISTA,HORA,FECHA,LOGIN) VALUES (1,'10:30:00','2019-11-14','admin');
INSERT INTO reserva (ID_PISTA,HORA,FECHA,LOGIN) VALUES (1,'10:30:00','2019-11-17','admin');

INSERT INTO reserva (ID_PISTA,HORA,FECHA,LOGIN) VALUES (1,'10:30:00','2019-11-03','admin');
INSERT INTO reserva (ID_PISTA,HORA,FECHA,LOGIN) VALUES (1,'10:30:00','2019-11-06','admin');
INSERT INTO reserva (ID_PISTA,HORA,FECHA,LOGIN) VALUES (1,'10:30:00','2019-11-09','admin');
INSERT INTO reserva (ID_PISTA,HORA,FECHA,LOGIN) VALUES (1,'10:30:00','2019-11-12','admin');
INSERT INTO reserva (ID_PISTA,HORA,FECHA,LOGIN) VALUES (1,'10:30:00','2019-11-15','admin');

INSERT INTO reserva (ID_PISTA,HORA,FECHA,LOGIN) VALUES (2,'10:30:00','2019-11-04','admin');
INSERT INTO reserva (ID_PISTA,HORA,FECHA,LOGIN) VALUES (2,'10:30:00','2019-11-07','admin');
INSERT INTO reserva (ID_PISTA,HORA,FECHA,LOGIN) VALUES (2,'10:30:00','2019-11-10','admin');
INSERT INTO reserva (ID_PISTA,HORA,FECHA,LOGIN) VALUES (2,'10:30:00','2019-11-13','admin');

INSERT INTO reserva (ID_PISTA,HORA,FECHA,LOGIN) VALUES (2,'10:30:00','2019-11-05','admin');
INSERT INTO reserva (ID_PISTA,HORA,FECHA,LOGIN) VALUES (2,'10:30:00','2019-11-08','admin');
INSERT INTO reserva (ID_PISTA,HORA,FECHA,LOGIN) VALUES (2,'10:30:00','2019-11-11','admin');

INSERT INTO reserva (ID_PISTA,HORA,FECHA,LOGIN) VALUES (2,'10:30:00','2019-11-06','admin');
INSERT INTO reserva (ID_PISTA,HORA,FECHA,LOGIN) VALUES (2,'10:30:00','2019-11-09','admin');

INSERT INTO reserva (ID_PISTA,HORA,FECHA,LOGIN) VALUES (3,'10:30:00','2019-11-07','admin');



-- para partido promocionado
INSERT INTO reserva (ID_PISTA,HORA,FECHA,LOGIN) VALUES (1,'18:00:00','2019-12-14','admin');


-- para comprobar promoción de partido sin pista disponible
INSERT INTO reserva (ID_PISTA,HORA,FECHA,LOGIN) VALUES (1,'19:30:00','2019-11-27','lara');
INSERT INTO reserva (ID_PISTA,HORA,FECHA,LOGIN) VALUES (2,'19:30:00','2019-11-27','asconcepcion');
INSERT INTO reserva (ID_PISTA,HORA,FECHA,LOGIN) VALUES (3,'19:30:00','2019-11-27','paul');
INSERT INTO reserva (ID_PISTA,HORA,FECHA,LOGIN) VALUES (4,'19:30:00','2019-11-27','john');
INSERT INTO reserva (ID_PISTA,HORA,FECHA,LOGIN) VALUES (5,'19:30:00','2019-11-27','axel');
INSERT INTO reserva (ID_PISTA,HORA,FECHA,LOGIN) VALUES (6,'19:30:00','2019-11-27','slash');

INSERT INTO reserva (ID_PISTA,HORA,FECHA,LOGIN) VALUES (1,'09:00:00','2020-12-15','gacelasoto');
INSERT INTO reserva (ID_PISTA,HORA,FECHA,LOGIN) VALUES (1,'12:00:00','2020-12-15','gacelasoto');
INSERT INTO reserva (ID_PISTA,HORA,FECHA,LOGIN) VALUES (1,'13:30:00','2020-12-15','gacelasoto');
INSERT INTO reserva (ID_PISTA,HORA,FECHA,LOGIN) VALUES (1,'10:30:00','2020-12-15','gacelasoto');

INSERT INTO reserva (ID_PISTA,HORA,FECHA,LOGIN) VALUES (2,'12:00:00','2020-12-15','darlene');
INSERT INTO reserva (ID_PISTA,HORA,FECHA,LOGIN) VALUES (2,'13:30:00','2020-12-15','darlene');
INSERT INTO reserva (ID_PISTA,HORA,FECHA,LOGIN) VALUES (2,'15:00:00','2020-12-15','darlene');
INSERT INTO reserva (ID_PISTA,HORA,FECHA,LOGIN) VALUES (2,'16:30:00','2020-12-15','darlene');
INSERT INTO reserva (ID_PISTA,HORA,FECHA,LOGIN) VALUES (2,'18:00:00','2020-11-20','darlene');









-- tabla CAMPEONATO_CATEGORIA
INSERT INTO campeonato_categoria(ID_CAMPEONATO,ID_CATEGORIA,N_PLAZAS) VALUES (1,1,8); -- ROLAND 1 M 		1
INSERT INTO campeonato_categoria(ID_CAMPEONATO,ID_CATEGORIA,N_PLAZAS) VALUES (1,2,8); -- ROLAND 1 F		2
INSERT INTO campeonato_categoria(ID_CAMPEONATO,ID_CATEGORIA,N_PLAZAS) VALUES (1,3,8); -- ROLAND 1 MX 		3


INSERT INTO campeonato_categoria(ID_CAMPEONATO,ID_CATEGORIA,N_PLAZAS) VALUES (2,1,8); -- MASTERS 1 M 		4
INSERT INTO campeonato_categoria(ID_CAMPEONATO,ID_CATEGORIA,N_PLAZAS) VALUES (2,2,8); -- MASTERS 1 F 		5


INSERT INTO campeonato_categoria(ID_CAMPEONATO,ID_CATEGORIA,N_PLAZAS) VALUES (3,1,8); -- OPEN 1 M 		6
INSERT INTO campeonato_categoria(ID_CAMPEONATO,ID_CATEGORIA,N_PLAZAS) VALUES (3,4,8); -- OPEN 2 M 		7

INSERT INTO campeonato_categoria(ID_CAMPEONATO,ID_CATEGORIA,N_PLAZAS) VALUES (4,1,8); -- OPEN 1 M 		8







-- tabla GRUPO
INSERT INTO grupo(ID_CATCAMP,NUMERO,N_PAREJAS) VALUES (1,1,8); -- GRUPO1 ROLAND 1 M 		1
INSERT INTO grupo(ID_CATCAMP,NUMERO,N_PAREJAS) VALUES (1,2,8); -- GRUPO2 ROLAND 1 M 		2
INSERT INTO grupo(ID_CATCAMP,NUMERO,N_PAREJAS) VALUES (1,3,8); -- GRUPO3 ROLAND 1 M 		3

INSERT INTO grupo(ID_CATCAMP,NUMERO,N_PAREJAS) VALUES (2,1,8); -- GRUPO1 ROLAND 1 F 		4
INSERT INTO grupo(ID_CATCAMP,NUMERO,N_PAREJAS) VALUES (2,2,8); -- GRUPO2 ROLAND 1 F 		5
INSERT INTO grupo(ID_CATCAMP,NUMERO,N_PAREJAS) VALUES (2,3,8); -- GRUPO3 ROLAND 1 F 		6

INSERT INTO grupo(ID_CATCAMP,NUMERO,N_PAREJAS) VALUES (3,1,8); -- GRUPO1 ROLAND 1 MX 	7
INSERT INTO grupo(ID_CATCAMP,NUMERO,N_PAREJAS) VALUES (3,2,8); -- GRUPO2 ROLAND 1 MX 	8
INSERT INTO grupo(ID_CATCAMP,NUMERO,N_PAREJAS) VALUES (3,3,8); -- GRUPO3 ROLAND 1 MX 	9



INSERT INTO grupo(ID_CATCAMP,NUMERO,N_PAREJAS) VALUES (4,1,8); -- GRUPO1 MASTERS 1 M 	10
INSERT INTO grupo(ID_CATCAMP,NUMERO,N_PAREJAS) VALUES (4,2,8); -- GRUPO2 MASTERS 1 M 	11
INSERT INTO grupo(ID_CATCAMP,NUMERO,N_PAREJAS) VALUES (4,3,8); -- GRUPO3 MASTERS 1 M 	12

INSERT INTO grupo(ID_CATCAMP,NUMERO,N_PAREJAS) VALUES (5,1,8); -- GRUPO1 MASTERS 1 F 	13
INSERT INTO grupo(ID_CATCAMP,NUMERO,N_PAREJAS) VALUES (5,2,8); -- GRUPO2 MASTERS 1 F 	14
INSERT INTO grupo(ID_CATCAMP,NUMERO,N_PAREJAS) VALUES (5,3,8); -- GRUPO3 MASTERS 1 F 	15







-- tabla PAREJA
-- campeonato 1 ROLAND

INSERT INTO pareja(NOMBRE_PAREJA,CAPITAN,MIEMBRO,FECHA_INSCRIP,ID_GRUPO,ID_CATCAMP,PUNTOS) VALUES ('peakys','tommy','arthur','2019-09-01 09:00:02',1,1,21); -- 1M
INSERT INTO pareja(NOMBRE_PAREJA,CAPITAN,MIEMBRO,FECHA_INSCRIP,ID_GRUPO,ID_CATCAMP,PUNTOS) VALUES ('aspirantes','asconcepcion','john','2019-09-01 09:00:03',1,1,19); -- 1M
INSERT INTO pareja(NOMBRE_PAREJA,CAPITAN,MIEMBRO,FECHA_INSCRIP,ID_GRUPO,ID_CATCAMP,PUNTOS) VALUES ('blinders','joaquin','benancio','2019-09-01 09:00:04',1,1,17); -- 1M
INSERT INTO pareja(NOMBRE_PAREJA,CAPITAN,MIEMBRO,FECHA_INSCRIP,ID_GRUPO,ID_CATCAMP,PUNTOS) VALUES ('ukers','adam','paul','2019-09-01 09:00:05',1,1,15); -- 1M
INSERT INTO pareja(NOMBRE_PAREJA,CAPITAN,MIEMBRO,FECHA_INSCRIP,ID_GRUPO,ID_CATCAMP,PUNTOS) VALUES ('meth','walther','jesse','2019-09-01 09:00:07',1,1,13); -- 1M
INSERT INTO pareja(NOMBRE_PAREJA,CAPITAN,MIEMBRO,FECHA_INSCRIP,ID_GRUPO,ID_CATCAMP,PUNTOS) VALUES ('antimeth','gus','hank','2019-09-01 09:00:08',1,1,11); -- 1M
INSERT INTO pareja(NOMBRE_PAREJA,CAPITAN,MIEMBRO,FECHA_INSCRIP,ID_GRUPO,ID_CATCAMP,PUNTOS) VALUES ('assistants','todd','max','2019-09-01 09:00:10',1,1,9); -- 1M
INSERT INTO pareja(NOMBRE_PAREJA,CAPITAN,MIEMBRO,FECHA_INSCRIP,ID_GRUPO,ID_CATCAMP,PUNTOS) VALUES ('tochos','oscar','robert','2019-09-01 09:00:12',1,1,7); -- 1M

INSERT INTO pareja(NOMBRE_PAREJA,CAPITAN,MIEMBRO,FECHA_INSCRIP,ID_GRUPO,ID_CATCAMP,PUNTOS) VALUES ('lteam','lucia','leslie','2019-09-01 09:00:06',4,2,21); -- 1F
INSERT INTO pareja(NOMBRE_PAREJA,CAPITAN,MIEMBRO,FECHA_INSCRIP,ID_GRUPO,ID_CATCAMP,PUNTOS) VALUES ('sisterz','marie','skyler','2019-09-01 09:00:09',4,2,19); -- 1F
INSERT INTO pareja(NOMBRE_PAREJA,CAPITAN,MIEMBRO,FECHA_INSCRIP,ID_GRUPO,ID_CATCAMP,PUNTOS) VALUES ('derechas','laura','bea','2019-09-01 09:00:13',4,2,17); -- 1F
INSERT INTO pareja(NOMBRE_PAREJA,CAPITAN,MIEMBRO,FECHA_INSCRIP,ID_GRUPO,ID_CATCAMP,PUNTOS) VALUES ('adeneitors','lucy','clara','2019-09-01 09:00:14',4,2,15); -- 1F
INSERT INTO pareja(NOMBRE_PAREJA,CAPITAN,MIEMBRO,FECHA_INSCRIP,ID_GRUPO,ID_CATCAMP,PUNTOS) VALUES ('bffs','paloma','leticia','2019-09-01 09:00:20',4,2,13); -- 1F
INSERT INTO pareja(NOMBRE_PAREJA,CAPITAN,MIEMBRO,FECHA_INSCRIP,ID_GRUPO,ID_CATCAMP,PUNTOS) VALUES ('residentas','claudia','mar','2019-09-01 09:00:24',4,2,11); -- 1F
INSERT INTO pareja(NOMBRE_PAREJA,CAPITAN,MIEMBRO,FECHA_INSCRIP,ID_GRUPO,ID_CATCAMP,PUNTOS) VALUES ('cuevis','lara','marga','2019-09-01 09:00:25',4,2,9); -- 1F
INSERT INTO pareja(NOMBRE_PAREJA,CAPITAN,MIEMBRO,FECHA_INSCRIP,ID_GRUPO,ID_CATCAMP,PUNTOS) VALUES ('pares','concha','marta','2019-09-01 09:00:26',4,2,7); -- 1F

INSERT INTO pareja(NOMBRE_PAREJA,CAPITAN,MIEMBRO,FECHA_INSCRIP,ID_GRUPO,ID_CATCAMP,PUNTOS) VALUES ('asesDG','paulapeppers','gacelasoto','2019-09-01 09:00:00',7,3,21); -- 1MX
INSERT INTO pareja(NOMBRE_PAREJA,CAPITAN,MIEMBRO,FECHA_INSCRIP,ID_GRUPO,ID_CATCAMP,PUNTOS) VALUES ('robotics','darlene','elliot','2019-09-01 09:00:01',7,3,19); -- 1MX
INSERT INTO pareja(NOMBRE_PAREJA,CAPITAN,MIEMBRO,FECHA_INSCRIP,ID_GRUPO,ID_CATCAMP,PUNTOS) VALUES ('partners','sarah','alex','2019-09-01 09:00:11',7,3,17); -- 1MX
INSERT INTO pareja(NOMBRE_PAREJA,CAPITAN,MIEMBRO,FECHA_INSCRIP,ID_GRUPO,ID_CATCAMP,PUNTOS) VALUES ('happys','ana','javier','2019-09-01 09:00:21',7,3,15); -- 1MX
INSERT INTO pareja(NOMBRE_PAREJA,CAPITAN,MIEMBRO,FECHA_INSCRIP,ID_GRUPO,ID_CATCAMP,PUNTOS) VALUES ('users1','user1','user5','2019-09-01 09:00:28',7,3,13); -- 1MX
INSERT INTO pareja(NOMBRE_PAREJA,CAPITAN,MIEMBRO,FECHA_INSCRIP,ID_GRUPO,ID_CATCAMP,PUNTOS) VALUES ('users2','user2','user6','2019-09-01 09:00:29',7,3,11); -- 1MX
INSERT INTO pareja(NOMBRE_PAREJA,CAPITAN,MIEMBRO,FECHA_INSCRIP,ID_GRUPO,ID_CATCAMP,PUNTOS) VALUES ('users3','user3','user7','2019-09-01 09:00:30',7,3,9); -- 1MX
INSERT INTO pareja(NOMBRE_PAREJA,CAPITAN,MIEMBRO,FECHA_INSCRIP,ID_GRUPO,ID_CATCAMP,PUNTOS) VALUES ('users4','user4','user8','2019-09-01 09:00:31',7,3,7); -- 1MX



-- campeonato 2 MASTERS

INSERT INTO pareja(NOMBRE_PAREJA,CAPITAN,MIEMBRO,FECHA_INSCRIP,ID_GRUPO,ID_CATCAMP,PUNTOS) VALUES ('peakys','tommy','arthur','2019-10-01 09:00:02',10,4,15); -- 1M
INSERT INTO pareja(NOMBRE_PAREJA,CAPITAN,MIEMBRO,FECHA_INSCRIP,ID_GRUPO,ID_CATCAMP,PUNTOS) VALUES ('aspirantes','asconcepcion','john','2019-10-01 09:00:03',10,4,13); -- 1M
INSERT INTO pareja(NOMBRE_PAREJA,CAPITAN,MIEMBRO,FECHA_INSCRIP,ID_GRUPO,ID_CATCAMP,PUNTOS) VALUES ('blinders','joaquin','benancio','2019-10-01 09:00:04',10,4,14); -- 1M
INSERT INTO pareja(NOMBRE_PAREJA,CAPITAN,MIEMBRO,FECHA_INSCRIP,ID_GRUPO,ID_CATCAMP,PUNTOS) VALUES ('ukers','adam','paul','2019-10-01 09:00:05',10,4,15); -- 1M
INSERT INTO pareja(NOMBRE_PAREJA,CAPITAN,MIEMBRO,FECHA_INSCRIP,ID_GRUPO,ID_CATCAMP,PUNTOS) VALUES ('meth','walther','jesse','2019-10-01 09:00:07',10,4,13); -- 1M
INSERT INTO pareja(NOMBRE_PAREJA,CAPITAN,MIEMBRO,FECHA_INSCRIP,ID_GRUPO,ID_CATCAMP,PUNTOS) VALUES ('antimeth','gus','hank','2019-10-01 09:00:08',10,4,11); -- 1M
INSERT INTO pareja(NOMBRE_PAREJA,CAPITAN,MIEMBRO,FECHA_INSCRIP,ID_GRUPO,ID_CATCAMP,PUNTOS) VALUES ('assistants','todd','max','2019-10-01 09:00:10',10,4,7); -- 1M
INSERT INTO pareja(NOMBRE_PAREJA,CAPITAN,MIEMBRO,FECHA_INSCRIP,ID_GRUPO,ID_CATCAMP,PUNTOS) VALUES ('tochos','oscar','robert','2019-10-01 09:00:12',10,4,4); -- 1M

INSERT INTO pareja(NOMBRE_PAREJA,CAPITAN,MIEMBRO,FECHA_INSCRIP,ID_GRUPO,ID_CATCAMP,PUNTOS) VALUES ('lteam','lucia','leslie','2019-10-01 09:00:06',13,5,15); -- 1F
INSERT INTO pareja(NOMBRE_PAREJA,CAPITAN,MIEMBRO,FECHA_INSCRIP,ID_GRUPO,ID_CATCAMP,PUNTOS) VALUES ('sisterz','marie','skyler','2019-10-01 09:00:09',13,5,13); -- 1F
INSERT INTO pareja(NOMBRE_PAREJA,CAPITAN,MIEMBRO,FECHA_INSCRIP,ID_GRUPO,ID_CATCAMP,PUNTOS) VALUES ('derechas','laura','bea','2019-10-01 09:00:13',13,5,14); -- 1F
INSERT INTO pareja(NOMBRE_PAREJA,CAPITAN,MIEMBRO,FECHA_INSCRIP,ID_GRUPO,ID_CATCAMP,PUNTOS) VALUES ('adeneitors','lucy','clara','2019-10-01 09:00:14',13,5,15); -- 1F
INSERT INTO pareja(NOMBRE_PAREJA,CAPITAN,MIEMBRO,FECHA_INSCRIP,ID_GRUPO,ID_CATCAMP,PUNTOS) VALUES ('bffs','paloma','leticia','2019-10-01 09:00:20',13,5,13); -- 1F
INSERT INTO pareja(NOMBRE_PAREJA,CAPITAN,MIEMBRO,FECHA_INSCRIP,ID_GRUPO,ID_CATCAMP,PUNTOS) VALUES ('residentas','claudia','mar','2019-10-01 09:00:24',13,5,11); -- 1F
INSERT INTO pareja(NOMBRE_PAREJA,CAPITAN,MIEMBRO,FECHA_INSCRIP,ID_GRUPO,ID_CATCAMP,PUNTOS) VALUES ('cuevis','lara','marga','2019-10-01 09:00:25',13,5,7); -- 1F
INSERT INTO pareja(NOMBRE_PAREJA,CAPITAN,MIEMBRO,FECHA_INSCRIP,ID_GRUPO,ID_CATCAMP,PUNTOS) VALUES ('pares','concha','marta','2019-10-01 09:00:26',13,5,4); -- 1F




-- campeonato 3 OPEN

INSERT INTO pareja(NOMBRE_PAREJA,CAPITAN,MIEMBRO,FECHA_INSCRIP,ID_GRUPO,ID_CATCAMP,PUNTOS) VALUES ('peakys','tommy','arthur','2019-11-01 09:00:02',NULL,6,0); -- 1M
INSERT INTO pareja(NOMBRE_PAREJA,CAPITAN,MIEMBRO,FECHA_INSCRIP,ID_GRUPO,ID_CATCAMP,PUNTOS) VALUES ('aspirantes','asconcepcion','john','2019-11-01 09:00:03',NULL,6,0); -- 1M
INSERT INTO pareja(NOMBRE_PAREJA,CAPITAN,MIEMBRO,FECHA_INSCRIP,ID_GRUPO,ID_CATCAMP,PUNTOS) VALUES ('blinders','joaquin','benancio','2019-11-01 09:00:04',NULL,6,0); -- 1M
INSERT INTO pareja(NOMBRE_PAREJA,CAPITAN,MIEMBRO,FECHA_INSCRIP,ID_GRUPO,ID_CATCAMP,PUNTOS) VALUES ('ukers','adam','paul','2019-11-01 09:00:05',NULL,6,0); -- 1M
INSERT INTO pareja(NOMBRE_PAREJA,CAPITAN,MIEMBRO,FECHA_INSCRIP,ID_GRUPO,ID_CATCAMP,PUNTOS) VALUES ('meth','walther','jesse','2019-11-01 09:00:07',NULL,6,0); -- 1M
INSERT INTO pareja(NOMBRE_PAREJA,CAPITAN,MIEMBRO,FECHA_INSCRIP,ID_GRUPO,ID_CATCAMP,PUNTOS) VALUES ('antimeth','gus','hank','2019-11-01 09:00:08',NULL,6,0); -- 1M
INSERT INTO pareja(NOMBRE_PAREJA,CAPITAN,MIEMBRO,FECHA_INSCRIP,ID_GRUPO,ID_CATCAMP,PUNTOS) VALUES ('assistants','todd','max','2019-11-01 09:00:10',NULL,6,0); -- 1M
INSERT INTO pareja(NOMBRE_PAREJA,CAPITAN,MIEMBRO,FECHA_INSCRIP,ID_GRUPO,ID_CATCAMP,PUNTOS) VALUES ('tochos','oscar','robert','2019-11-01 09:00:12',NULL,6,0); -- 1M

INSERT INTO pareja(NOMBRE_PAREJA,CAPITAN,MIEMBRO,FECHA_INSCRIP,ID_GRUPO,ID_CATCAMP,PUNTOS) VALUES ('latins','patricio','pitbull','2019-11-01 09:00:15',NULL,7,0); -- 2M
INSERT INTO pareja(NOMBRE_PAREJA,CAPITAN,MIEMBRO,FECHA_INSCRIP,ID_GRUPO,ID_CATCAMP,PUNTOS) VALUES ('guns','axel','slash','2019-11-01 09:00:16',NULL,7,0); -- 2M
INSERT INTO pareja(NOMBRE_PAREJA,CAPITAN,MIEMBRO,FECHA_INSCRIP,ID_GRUPO,ID_CATCAMP,PUNTOS) VALUES ('roses','izzy','ozzy','2019-11-01 09:00:17',NULL,7,0); -- 2M
INSERT INTO pareja(NOMBRE_PAREJA,CAPITAN,MIEMBRO,FECHA_INSCRIP,ID_GRUPO,ID_CATCAMP,PUNTOS) VALUES ('guitars','jimmy','stevie','2019-11-01 09:00:18',NULL,7,0); -- 2M
INSERT INTO pareja(NOMBRE_PAREJA,CAPITAN,MIEMBRO,FECHA_INSCRIP,ID_GRUPO,ID_CATCAMP,PUNTOS) VALUES ('newwave','rodolfo','omar','2019-11-01 09:00:19',NULL,7,0); -- 2M
INSERT INTO pareja(NOMBRE_PAREJA,CAPITAN,MIEMBRO,FECHA_INSCRIP,ID_GRUPO,ID_CATCAMP,PUNTOS) VALUES ('verinenses','alvaro','jaime','2019-11-01 09:00:22',NULL,7,0); -- 2M
INSERT INTO pareja(NOMBRE_PAREJA,CAPITAN,MIEMBRO,FECHA_INSCRIP,ID_GRUPO,ID_CATCAMP,PUNTOS) VALUES ('doctores','rodrigo','luis','2019-01-11 09:00:23',NULL,7,0); -- 2M
INSERT INTO pareja(NOMBRE_PAREJA,CAPITAN,MIEMBRO,FECHA_INSCRIP,ID_GRUPO,ID_CATCAMP,PUNTOS) VALUES ('yagueitors','yago','iago','2019-01-11 09:00:27',NULL,7,0); -- 2M




-- tabla ENFRENTAMIENTO

-- enfrentamientos ROLAND

-- grupos

-- 1M

INSERT INTO enfrentamiento (RESULTADO,FECHA,HORA,SET1,SET2,SET3,PAREJA1,PAREJA2,ID_RESERVA,ID_GRUPO) VALUES ('2-0','2019-10-01','09:00:00','6-0','6-0','-',1,2,2,1);
INSERT INTO enfrentamiento (RESULTADO,FECHA,HORA,SET1,SET2,SET3,PAREJA1,PAREJA2,ID_RESERVA,ID_GRUPO) VALUES ('2-0','2019-10-04','09:00:00','6-0','6-0','-',1,3,3,1);
INSERT INTO enfrentamiento (RESULTADO,FECHA,HORA,SET1,SET2,SET3,PAREJA1,PAREJA2,ID_RESERVA,ID_GRUPO) VALUES ('2-0','2019-10-07','09:00:00','6-0','6-0','-',1,4,4,1);
INSERT INTO enfrentamiento (RESULTADO,FECHA,HORA,SET1,SET2,SET3,PAREJA1,PAREJA2,ID_RESERVA,ID_GRUPO) VALUES ('2-0','2019-10-10','09:00:00','6-0','6-0','-',1,5,5,1);
INSERT INTO enfrentamiento (RESULTADO,FECHA,HORA,SET1,SET2,SET3,PAREJA1,PAREJA2,ID_RESERVA,ID_GRUPO) VALUES ('2-0','2019-10-13','09:00:00','6-0','6-0','-',1,6,6,1);
INSERT INTO enfrentamiento (RESULTADO,FECHA,HORA,SET1,SET2,SET3,PAREJA1,PAREJA2,ID_RESERVA,ID_GRUPO) VALUES ('2-0','2019-10-16','09:00:00','6-0','6-0','-',1,7,7,1);
INSERT INTO enfrentamiento (RESULTADO,FECHA,HORA,SET1,SET2,SET3,PAREJA1,PAREJA2,ID_RESERVA,ID_GRUPO) VALUES ('2-0','2019-10-19','09:00:00','6-0','6-0','-',1,8,8,1);

INSERT INTO enfrentamiento (RESULTADO,FECHA,HORA,SET1,SET2,SET3,PAREJA1,PAREJA2,ID_RESERVA,ID_GRUPO) VALUES ('2-0','2019-10-02','09:00:00','6-0','6-0','-',2,3,9,1);
INSERT INTO enfrentamiento (RESULTADO,FECHA,HORA,SET1,SET2,SET3,PAREJA1,PAREJA2,ID_RESERVA,ID_GRUPO) VALUES ('2-0','2019-10-05','09:00:00','6-0','6-0','-',2,4,10,1);
INSERT INTO enfrentamiento (RESULTADO,FECHA,HORA,SET1,SET2,SET3,PAREJA1,PAREJA2,ID_RESERVA,ID_GRUPO) VALUES ('2-0','2019-10-08','09:00:00','6-0','6-0','-',2,5,11,1);
INSERT INTO enfrentamiento (RESULTADO,FECHA,HORA,SET1,SET2,SET3,PAREJA1,PAREJA2,ID_RESERVA,ID_GRUPO) VALUES ('2-0','2019-10-11','09:00:00','6-0','6-0','-',2,6,12,1);
INSERT INTO enfrentamiento (RESULTADO,FECHA,HORA,SET1,SET2,SET3,PAREJA1,PAREJA2,ID_RESERVA,ID_GRUPO) VALUES ('2-0','2019-10-14','09:00:00','6-0','6-0','-',2,7,13,1);
INSERT INTO enfrentamiento (RESULTADO,FECHA,HORA,SET1,SET2,SET3,PAREJA1,PAREJA2,ID_RESERVA,ID_GRUPO) VALUES ('2-0','2019-10-17','09:00:00','6-0','6-0','-',2,8,14,1);

INSERT INTO enfrentamiento (RESULTADO,FECHA,HORA,SET1,SET2,SET3,PAREJA1,PAREJA2,ID_RESERVA,ID_GRUPO) VALUES ('2-0','2019-10-03','09:00:00','6-0','6-0','-',3,4,15,1);
INSERT INTO enfrentamiento (RESULTADO,FECHA,HORA,SET1,SET2,SET3,PAREJA1,PAREJA2,ID_RESERVA,ID_GRUPO) VALUES ('2-0','2019-10-06','09:00:00','6-0','6-0','-',3,5,16,1);
INSERT INTO enfrentamiento (RESULTADO,FECHA,HORA,SET1,SET2,SET3,PAREJA1,PAREJA2,ID_RESERVA,ID_GRUPO) VALUES ('2-0','2019-10-09','09:00:00','6-0','6-0','-',3,6,17,1);
INSERT INTO enfrentamiento (RESULTADO,FECHA,HORA,SET1,SET2,SET3,PAREJA1,PAREJA2,ID_RESERVA,ID_GRUPO) VALUES ('2-0','2019-10-12','09:00:00','6-0','6-0','-',3,7,18,1);
INSERT INTO enfrentamiento (RESULTADO,FECHA,HORA,SET1,SET2,SET3,PAREJA1,PAREJA2,ID_RESERVA,ID_GRUPO) VALUES ('2-0','2019-10-15','09:00:00','6-0','6-0','-',3,8,19,1);

INSERT INTO enfrentamiento (RESULTADO,FECHA,HORA,SET1,SET2,SET3,PAREJA1,PAREJA2,ID_RESERVA,ID_GRUPO) VALUES ('2-0','2019-10-04','09:00:00','6-0','6-0','-',4,5,20,1);
INSERT INTO enfrentamiento (RESULTADO,FECHA,HORA,SET1,SET2,SET3,PAREJA1,PAREJA2,ID_RESERVA,ID_GRUPO) VALUES ('2-0','2019-10-07','09:00:00','6-0','6-0','-',4,6,21,1);
INSERT INTO enfrentamiento (RESULTADO,FECHA,HORA,SET1,SET2,SET3,PAREJA1,PAREJA2,ID_RESERVA,ID_GRUPO) VALUES ('2-0','2019-10-10','09:00:00','6-0','6-0','-',4,7,22,1);
INSERT INTO enfrentamiento (RESULTADO,FECHA,HORA,SET1,SET2,SET3,PAREJA1,PAREJA2,ID_RESERVA,ID_GRUPO) VALUES ('2-0','2019-10-13','09:00:00','6-0','6-0','-',4,8,23,1);

INSERT INTO enfrentamiento (RESULTADO,FECHA,HORA,SET1,SET2,SET3,PAREJA1,PAREJA2,ID_RESERVA,ID_GRUPO) VALUES ('2-0','2019-10-05','09:00:00','6-0','6-0','-',5,6,24,1);
INSERT INTO enfrentamiento (RESULTADO,FECHA,HORA,SET1,SET2,SET3,PAREJA1,PAREJA2,ID_RESERVA,ID_GRUPO) VALUES ('2-0','2019-10-08','09:00:00','6-0','6-0','-',5,7,25,1);
INSERT INTO enfrentamiento (RESULTADO,FECHA,HORA,SET1,SET2,SET3,PAREJA1,PAREJA2,ID_RESERVA,ID_GRUPO) VALUES ('2-0','2019-10-11','09:00:00','6-0','6-0','-',5,8,26,1);

INSERT INTO enfrentamiento (RESULTADO,FECHA,HORA,SET1,SET2,SET3,PAREJA1,PAREJA2,ID_RESERVA,ID_GRUPO) VALUES ('2-0','2019-10-06','09:00:00','6-0','6-0','-',6,7,27,1);
INSERT INTO enfrentamiento (RESULTADO,FECHA,HORA,SET1,SET2,SET3,PAREJA1,PAREJA2,ID_RESERVA,ID_GRUPO) VALUES ('2-0','2019-10-09','09:00:00','6-0','6-0','-',6,8,28,1);

INSERT INTO enfrentamiento (RESULTADO,FECHA,HORA,SET1,SET2,SET3,PAREJA1,PAREJA2,ID_RESERVA,ID_GRUPO) VALUES ('2-0','2019-10-07','09:00:00','6-0','6-0','-',7,8,29,1);




-- 1F
INSERT INTO enfrentamiento (RESULTADO,FECHA,HORA,SET1,SET2,SET3,PAREJA1,PAREJA2,ID_RESERVA,ID_GRUPO) VALUES ('2-0','2019-10-01','10:30:00','6-0','6-0','-',9,10,30,4);
INSERT INTO enfrentamiento (RESULTADO,FECHA,HORA,SET1,SET2,SET3,PAREJA1,PAREJA2,ID_RESERVA,ID_GRUPO) VALUES ('2-0','2019-10-04','10:30:00','6-0','6-0','-',9,11,31,4);
INSERT INTO enfrentamiento (RESULTADO,FECHA,HORA,SET1,SET2,SET3,PAREJA1,PAREJA2,ID_RESERVA,ID_GRUPO) VALUES ('2-0','2019-10-07','10:30:00','6-0','6-0','-',9,12,32,4);
INSERT INTO enfrentamiento (RESULTADO,FECHA,HORA,SET1,SET2,SET3,PAREJA1,PAREJA2,ID_RESERVA,ID_GRUPO) VALUES ('2-0','2019-10-10','10:30:00','6-0','6-0','-',9,13,33,4);
INSERT INTO enfrentamiento (RESULTADO,FECHA,HORA,SET1,SET2,SET3,PAREJA1,PAREJA2,ID_RESERVA,ID_GRUPO) VALUES ('2-0','2019-10-13','10:30:00','6-0','6-0','-',9,14,34,4);
INSERT INTO enfrentamiento (RESULTADO,FECHA,HORA,SET1,SET2,SET3,PAREJA1,PAREJA2,ID_RESERVA,ID_GRUPO) VALUES ('2-0','2019-10-16','10:30:00','6-0','6-0','-',9,15,35,4);
INSERT INTO enfrentamiento (RESULTADO,FECHA,HORA,SET1,SET2,SET3,PAREJA1,PAREJA2,ID_RESERVA,ID_GRUPO) VALUES ('2-0','2019-10-19','10:30:00','6-0','6-0','-',9,16,36,4);

INSERT INTO enfrentamiento (RESULTADO,FECHA,HORA,SET1,SET2,SET3,PAREJA1,PAREJA2,ID_RESERVA,ID_GRUPO) VALUES ('2-0','2019-10-02','10:30:00','6-0','6-0','-',10,11,37,4);
INSERT INTO enfrentamiento (RESULTADO,FECHA,HORA,SET1,SET2,SET3,PAREJA1,PAREJA2,ID_RESERVA,ID_GRUPO) VALUES ('2-0','2019-10-05','10:30:00','6-0','6-0','-',10,12,38,4);
INSERT INTO enfrentamiento (RESULTADO,FECHA,HORA,SET1,SET2,SET3,PAREJA1,PAREJA2,ID_RESERVA,ID_GRUPO) VALUES ('2-0','2019-10-08','10:30:00','6-0','6-0','-',10,13,39,4);
INSERT INTO enfrentamiento (RESULTADO,FECHA,HORA,SET1,SET2,SET3,PAREJA1,PAREJA2,ID_RESERVA,ID_GRUPO) VALUES ('2-0','2019-10-11','10:30:00','6-0','6-0','-',10,14,40,4);
INSERT INTO enfrentamiento (RESULTADO,FECHA,HORA,SET1,SET2,SET3,PAREJA1,PAREJA2,ID_RESERVA,ID_GRUPO) VALUES ('2-0','2019-10-14','10:30:00','6-0','6-0','-',10,15,41,4);
INSERT INTO enfrentamiento (RESULTADO,FECHA,HORA,SET1,SET2,SET3,PAREJA1,PAREJA2,ID_RESERVA,ID_GRUPO) VALUES ('2-0','2019-10-17','10:30:00','6-0','6-0','-',10,16,42,4);

INSERT INTO enfrentamiento (RESULTADO,FECHA,HORA,SET1,SET2,SET3,PAREJA1,PAREJA2,ID_RESERVA,ID_GRUPO) VALUES ('2-0','2019-10-03','10:30:00','6-0','6-0','-',11,12,43,4);
INSERT INTO enfrentamiento (RESULTADO,FECHA,HORA,SET1,SET2,SET3,PAREJA1,PAREJA2,ID_RESERVA,ID_GRUPO) VALUES ('2-0','2019-10-06','10:30:00','6-0','6-0','-',11,13,44,4);
INSERT INTO enfrentamiento (RESULTADO,FECHA,HORA,SET1,SET2,SET3,PAREJA1,PAREJA2,ID_RESERVA,ID_GRUPO) VALUES ('2-0','2019-10-09','10:30:00','6-0','6-0','-',11,14,45,4);
INSERT INTO enfrentamiento (RESULTADO,FECHA,HORA,SET1,SET2,SET3,PAREJA1,PAREJA2,ID_RESERVA,ID_GRUPO) VALUES ('2-0','2019-10-12','10:30:00','6-0','6-0','-',11,15,46,4);
INSERT INTO enfrentamiento (RESULTADO,FECHA,HORA,SET1,SET2,SET3,PAREJA1,PAREJA2,ID_RESERVA,ID_GRUPO) VALUES ('2-0','2019-10-15','10:30:00','6-0','6-0','-',11,16,47,4);

INSERT INTO enfrentamiento (RESULTADO,FECHA,HORA,SET1,SET2,SET3,PAREJA1,PAREJA2,ID_RESERVA,ID_GRUPO) VALUES ('2-0','2019-10-04','10:30:00','6-0','6-0','-',12,13,48,4);
INSERT INTO enfrentamiento (RESULTADO,FECHA,HORA,SET1,SET2,SET3,PAREJA1,PAREJA2,ID_RESERVA,ID_GRUPO) VALUES ('2-0','2019-10-07','10:30:00','6-0','6-0','-',12,14,49,4);
INSERT INTO enfrentamiento (RESULTADO,FECHA,HORA,SET1,SET2,SET3,PAREJA1,PAREJA2,ID_RESERVA,ID_GRUPO) VALUES ('2-0','2019-10-10','10:30:00','6-0','6-0','-',12,15,50,4);
INSERT INTO enfrentamiento (RESULTADO,FECHA,HORA,SET1,SET2,SET3,PAREJA1,PAREJA2,ID_RESERVA,ID_GRUPO) VALUES ('2-0','2019-10-13','10:30:00','6-0','6-0','-',12,16,51,4);

INSERT INTO enfrentamiento (RESULTADO,FECHA,HORA,SET1,SET2,SET3,PAREJA1,PAREJA2,ID_RESERVA,ID_GRUPO) VALUES ('2-0','2019-10-05','10:30:00','6-0','6-0','-',13,14,52,4);
INSERT INTO enfrentamiento (RESULTADO,FECHA,HORA,SET1,SET2,SET3,PAREJA1,PAREJA2,ID_RESERVA,ID_GRUPO) VALUES ('2-0','2019-10-08','10:30:00','6-0','6-0','-',13,15,53,4);
INSERT INTO enfrentamiento (RESULTADO,FECHA,HORA,SET1,SET2,SET3,PAREJA1,PAREJA2,ID_RESERVA,ID_GRUPO) VALUES ('2-0','2019-10-11','10:30:00','6-0','6-0','-',13,16,54,4);

INSERT INTO enfrentamiento (RESULTADO,FECHA,HORA,SET1,SET2,SET3,PAREJA1,PAREJA2,ID_RESERVA,ID_GRUPO) VALUES ('2-0','2019-10-06','10:30:00','6-0','6-0','-',14,15,55,4);
INSERT INTO enfrentamiento (RESULTADO,FECHA,HORA,SET1,SET2,SET3,PAREJA1,PAREJA2,ID_RESERVA,ID_GRUPO) VALUES ('2-0','2019-10-09','10:30:00','6-0','6-0','-',14,16,56,4);

INSERT INTO enfrentamiento (RESULTADO,FECHA,HORA,SET1,SET2,SET3,PAREJA1,PAREJA2,ID_RESERVA,ID_GRUPO) VALUES ('2-0','2019-10-07','10:30:00','6-0','6-0','-',15,16,57,4);





-- 1MX
INSERT INTO enfrentamiento (RESULTADO,FECHA,HORA,SET1,SET2,SET3,PAREJA1,PAREJA2,ID_RESERVA,ID_GRUPO) VALUES ('2-0','2019-10-01','12:00:00','6-0','6-0','-',17,18,58,7);
INSERT INTO enfrentamiento (RESULTADO,FECHA,HORA,SET1,SET2,SET3,PAREJA1,PAREJA2,ID_RESERVA,ID_GRUPO) VALUES ('2-0','2019-10-04','12:00:00','6-0','6-0','-',17,19,59,7);
INSERT INTO enfrentamiento (RESULTADO,FECHA,HORA,SET1,SET2,SET3,PAREJA1,PAREJA2,ID_RESERVA,ID_GRUPO) VALUES ('2-0','2019-10-07','12:00:00','6-0','6-0','-',17,20,60,7);
INSERT INTO enfrentamiento (RESULTADO,FECHA,HORA,SET1,SET2,SET3,PAREJA1,PAREJA2,ID_RESERVA,ID_GRUPO) VALUES ('2-0','2019-10-10','12:00:00','6-0','6-0','-',17,21,61,7);
INSERT INTO enfrentamiento (RESULTADO,FECHA,HORA,SET1,SET2,SET3,PAREJA1,PAREJA2,ID_RESERVA,ID_GRUPO) VALUES ('2-0','2019-10-13','12:00:00','6-0','6-0','-',17,22,62,7);
INSERT INTO enfrentamiento (RESULTADO,FECHA,HORA,SET1,SET2,SET3,PAREJA1,PAREJA2,ID_RESERVA,ID_GRUPO) VALUES ('2-0','2019-10-16','12:00:00','6-0','6-0','-',17,23,63,7);
INSERT INTO enfrentamiento (RESULTADO,FECHA,HORA,SET1,SET2,SET3,PAREJA1,PAREJA2,ID_RESERVA,ID_GRUPO) VALUES ('2-0','2019-10-19','12:00:00','6-0','6-0','-',17,24,64,7);

INSERT INTO enfrentamiento (RESULTADO,FECHA,HORA,SET1,SET2,SET3,PAREJA1,PAREJA2,ID_RESERVA,ID_GRUPO) VALUES ('2-0','2019-10-02','12:00:00','6-0','6-0','-',18,19,65,7);
INSERT INTO enfrentamiento (RESULTADO,FECHA,HORA,SET1,SET2,SET3,PAREJA1,PAREJA2,ID_RESERVA,ID_GRUPO) VALUES ('2-0','2019-10-05','12:00:00','6-0','6-0','-',18,20,66,7);
INSERT INTO enfrentamiento (RESULTADO,FECHA,HORA,SET1,SET2,SET3,PAREJA1,PAREJA2,ID_RESERVA,ID_GRUPO) VALUES ('2-0','2019-10-08','12:00:00','6-0','6-0','-',18,21,67,7);
INSERT INTO enfrentamiento (RESULTADO,FECHA,HORA,SET1,SET2,SET3,PAREJA1,PAREJA2,ID_RESERVA,ID_GRUPO) VALUES ('2-0','2019-10-11','12:00:00','6-0','6-0','-',18,22,68,7);
INSERT INTO enfrentamiento (RESULTADO,FECHA,HORA,SET1,SET2,SET3,PAREJA1,PAREJA2,ID_RESERVA,ID_GRUPO) VALUES ('2-0','2019-10-14','12:00:00','6-0','6-0','-',18,23,69,7);
INSERT INTO enfrentamiento (RESULTADO,FECHA,HORA,SET1,SET2,SET3,PAREJA1,PAREJA2,ID_RESERVA,ID_GRUPO) VALUES ('2-0','2019-10-17','12:00:00','6-0','6-0','-',18,24,70,7);

INSERT INTO enfrentamiento (RESULTADO,FECHA,HORA,SET1,SET2,SET3,PAREJA1,PAREJA2,ID_RESERVA,ID_GRUPO) VALUES ('2-0','2019-10-03','12:00:00','6-0','6-0','-',19,20,71,7);
INSERT INTO enfrentamiento (RESULTADO,FECHA,HORA,SET1,SET2,SET3,PAREJA1,PAREJA2,ID_RESERVA,ID_GRUPO) VALUES ('2-0','2019-10-06','12:00:00','6-0','6-0','-',19,21,72,7);
INSERT INTO enfrentamiento (RESULTADO,FECHA,HORA,SET1,SET2,SET3,PAREJA1,PAREJA2,ID_RESERVA,ID_GRUPO) VALUES ('2-0','2019-10-09','12:00:00','6-0','6-0','-',19,22,73,7);
INSERT INTO enfrentamiento (RESULTADO,FECHA,HORA,SET1,SET2,SET3,PAREJA1,PAREJA2,ID_RESERVA,ID_GRUPO) VALUES ('2-0','2019-10-12','12:00:00','6-0','6-0','-',19,23,74,7);
INSERT INTO enfrentamiento (RESULTADO,FECHA,HORA,SET1,SET2,SET3,PAREJA1,PAREJA2,ID_RESERVA,ID_GRUPO) VALUES ('2-0','2019-10-15','12:00:00','6-0','6-0','-',19,24,75,7);

INSERT INTO enfrentamiento (RESULTADO,FECHA,HORA,SET1,SET2,SET3,PAREJA1,PAREJA2,ID_RESERVA,ID_GRUPO) VALUES ('2-0','2019-10-04','12:00:00','6-0','6-0','-',20,21,76,7);
INSERT INTO enfrentamiento (RESULTADO,FECHA,HORA,SET1,SET2,SET3,PAREJA1,PAREJA2,ID_RESERVA,ID_GRUPO) VALUES ('2-0','2019-10-07','12:00:00','6-0','6-0','-',20,22,77,7);
INSERT INTO enfrentamiento (RESULTADO,FECHA,HORA,SET1,SET2,SET3,PAREJA1,PAREJA2,ID_RESERVA,ID_GRUPO) VALUES ('2-0','2019-10-10','12:00:00','6-0','6-0','-',20,23,78,7);
INSERT INTO enfrentamiento (RESULTADO,FECHA,HORA,SET1,SET2,SET3,PAREJA1,PAREJA2,ID_RESERVA,ID_GRUPO) VALUES ('2-0','2019-10-13','12:00:00','6-0','6-0','-',20,24,79,7);

INSERT INTO enfrentamiento (RESULTADO,FECHA,HORA,SET1,SET2,SET3,PAREJA1,PAREJA2,ID_RESERVA,ID_GRUPO) VALUES ('2-0','2019-10-05','12:00:00','6-0','6-0','-',21,22,80,7);
INSERT INTO enfrentamiento (RESULTADO,FECHA,HORA,SET1,SET2,SET3,PAREJA1,PAREJA2,ID_RESERVA,ID_GRUPO) VALUES ('2-0','2019-10-08','12:00:00','6-0','6-0','-',21,23,81,7);
INSERT INTO enfrentamiento (RESULTADO,FECHA,HORA,SET1,SET2,SET3,PAREJA1,PAREJA2,ID_RESERVA,ID_GRUPO) VALUES ('2-0','2019-10-11','12:00:00','6-0','6-0','-',21,24,82,7);

INSERT INTO enfrentamiento (RESULTADO,FECHA,HORA,SET1,SET2,SET3,PAREJA1,PAREJA2,ID_RESERVA,ID_GRUPO) VALUES ('2-0','2019-10-06','12:00:00','6-0','6-0','-',22,23,83,7);
INSERT INTO enfrentamiento (RESULTADO,FECHA,HORA,SET1,SET2,SET3,PAREJA1,PAREJA2,ID_RESERVA,ID_GRUPO) VALUES ('2-0','2019-10-09','12:00:00','6-0','6-0','-',22,24,84,7);

INSERT INTO enfrentamiento (RESULTADO,FECHA,HORA,SET1,SET2,SET3,PAREJA1,PAREJA2,ID_RESERVA,ID_GRUPO) VALUES ('2-0','2019-10-07','12:00:00','6-0','6-0','-',23,24,85,7);




-- enfrentamientos MASTERS

-- grupos

-- 1M

INSERT INTO enfrentamiento (RESULTADO,FECHA,HORA,SET1,SET2,SET3,PAREJA1,PAREJA2,ID_RESERVA,ID_GRUPO) VALUES ('2-0','2019-11-01','09:00:00','6-0','6-0','-',25,26,86,10);
INSERT INTO enfrentamiento (RESULTADO,FECHA,HORA,SET1,SET2,SET3,PAREJA1,PAREJA2,ID_RESERVA,ID_GRUPO) VALUES ('2-0','2019-11-04','09:00:00','6-0','6-0','-',25,27,87,10);
INSERT INTO enfrentamiento (RESULTADO,FECHA,HORA,SET1,SET2,SET3,PAREJA1,PAREJA2,ID_RESERVA,ID_GRUPO) VALUES ('2-0','2019-11-07','09:00:00','6-0','6-0','-',25,28,88,10);
INSERT INTO enfrentamiento (RESULTADO,FECHA,HORA,SET1,SET2,SET3,PAREJA1,PAREJA2,ID_RESERVA,ID_GRUPO) VALUES ('2-0','2019-11-10','09:00:00','6-0','6-0','-',25,29,89,10);
INSERT INTO enfrentamiento (RESULTADO,FECHA,HORA,SET1,SET2,SET3,PAREJA1,PAREJA2,ID_RESERVA,ID_GRUPO) VALUES ('2-0','2019-11-13','09:00:00','6-0','6-0','-',25,30,90,10);
INSERT INTO enfrentamiento (RESULTADO,FECHA,HORA,SET1,SET2,SET3,PAREJA1,PAREJA2,ID_RESERVA,ID_GRUPO) VALUES (NULL,'2019-11-16','09:00:00',NULL,NULL,NULL,25,31,91,10);
INSERT INTO enfrentamiento (RESULTADO,FECHA,HORA,SET1,SET2,SET3,PAREJA1,PAREJA2,ID_RESERVA,ID_GRUPO) VALUES (NULL,'2019-11-19','09:00:00',NULL,NULL,NULL,25,32,92,10);

INSERT INTO enfrentamiento (RESULTADO,FECHA,HORA,SET1,SET2,SET3,PAREJA1,PAREJA2,ID_RESERVA,ID_GRUPO) VALUES ('2-0','2019-11-02','09:00:00','6-0','6-0','-',26,27,93,10);
INSERT INTO enfrentamiento (RESULTADO,FECHA,HORA,SET1,SET2,SET3,PAREJA1,PAREJA2,ID_RESERVA,ID_GRUPO) VALUES ('2-0','2019-11-05','09:00:00','6-0','6-0','-',26,28,94,10);
INSERT INTO enfrentamiento (RESULTADO,FECHA,HORA,SET1,SET2,SET3,PAREJA1,PAREJA2,ID_RESERVA,ID_GRUPO) VALUES ('2-0','2019-11-08','09:00:00','6-0','6-0','-',26,29,95,10);
INSERT INTO enfrentamiento (RESULTADO,FECHA,HORA,SET1,SET2,SET3,PAREJA1,PAREJA2,ID_RESERVA,ID_GRUPO) VALUES ('2-0','2019-11-11','09:00:00','6-0','6-0','-',26,30,96,10);
INSERT INTO enfrentamiento (RESULTADO,FECHA,HORA,SET1,SET2,SET3,PAREJA1,PAREJA2,ID_RESERVA,ID_GRUPO) VALUES (NULL,'2019-11-14','09:00:00',NULL,NULL,NULL,26,31,97,10);
INSERT INTO enfrentamiento (RESULTADO,FECHA,HORA,SET1,SET2,SET3,PAREJA1,PAREJA2,ID_RESERVA,ID_GRUPO) VALUES (NULL,'2019-11-17','09:00:00',NULL,NULL,NULL,26,32,98,10);

INSERT INTO enfrentamiento (RESULTADO,FECHA,HORA,SET1,SET2,SET3,PAREJA1,PAREJA2,ID_RESERVA,ID_GRUPO) VALUES ('2-0','2019-11-03','09:00:00','6-0','6-0','-',27,28,99,10);
INSERT INTO enfrentamiento (RESULTADO,FECHA,HORA,SET1,SET2,SET3,PAREJA1,PAREJA2,ID_RESERVA,ID_GRUPO) VALUES ('2-0','2019-11-06','09:00:00','6-0','6-0','-',27,29,100,10);
INSERT INTO enfrentamiento (RESULTADO,FECHA,HORA,SET1,SET2,SET3,PAREJA1,PAREJA2,ID_RESERVA,ID_GRUPO) VALUES ('2-0','2019-11-09','09:00:00','6-0','6-0','-',27,30,101,10);
INSERT INTO enfrentamiento (RESULTADO,FECHA,HORA,SET1,SET2,SET3,PAREJA1,PAREJA2,ID_RESERVA,ID_GRUPO) VALUES ('2-0','2019-11-12','09:00:00','6-0','6-0','-',27,31,102,10);
INSERT INTO enfrentamiento (RESULTADO,FECHA,HORA,SET1,SET2,SET3,PAREJA1,PAREJA2,ID_RESERVA,ID_GRUPO) VALUES (NULL,'2019-11-15','09:00:00',NULL,NULL,NULL,27,32,103,10);

INSERT INTO enfrentamiento (RESULTADO,FECHA,HORA,SET1,SET2,SET3,PAREJA1,PAREJA2,ID_RESERVA,ID_GRUPO) VALUES ('2-0','2019-11-04','09:00:00','6-0','6-0','-',28,29,104,10);
INSERT INTO enfrentamiento (RESULTADO,FECHA,HORA,SET1,SET2,SET3,PAREJA1,PAREJA2,ID_RESERVA,ID_GRUPO) VALUES ('2-0','2019-11-07','09:00:00','6-0','6-0','-',28,30,105,10);
INSERT INTO enfrentamiento (RESULTADO,FECHA,HORA,SET1,SET2,SET3,PAREJA1,PAREJA2,ID_RESERVA,ID_GRUPO) VALUES ('2-0','2019-11-10','09:00:00','6-0','6-0','-',28,31,106,10);
INSERT INTO enfrentamiento (RESULTADO,FECHA,HORA,SET1,SET2,SET3,PAREJA1,PAREJA2,ID_RESERVA,ID_GRUPO) VALUES ('2-0','2019-11-13','09:00:00','6-0','6-0','-',28,32,107,10);

INSERT INTO enfrentamiento (RESULTADO,FECHA,HORA,SET1,SET2,SET3,PAREJA1,PAREJA2,ID_RESERVA,ID_GRUPO) VALUES ('2-0','2019-11-05','09:00:00','6-0','6-0','-',29,30,108,10);
INSERT INTO enfrentamiento (RESULTADO,FECHA,HORA,SET1,SET2,SET3,PAREJA1,PAREJA2,ID_RESERVA,ID_GRUPO) VALUES ('2-0','2019-11-08','09:00:00','6-0','6-0','-',29,31,109,10);
INSERT INTO enfrentamiento (RESULTADO,FECHA,HORA,SET1,SET2,SET3,PAREJA1,PAREJA2,ID_RESERVA,ID_GRUPO) VALUES ('2-0','2019-11-11','09:00:00','6-0','6-0','-',29,32,110,10);

INSERT INTO enfrentamiento (RESULTADO,FECHA,HORA,SET1,SET2,SET3,PAREJA1,PAREJA2,ID_RESERVA,ID_GRUPO) VALUES ('2-0','2019-11-06','09:00:00','6-0','6-0','-',30,31,111,10);
INSERT INTO enfrentamiento (RESULTADO,FECHA,HORA,SET1,SET2,SET3,PAREJA1,PAREJA2,ID_RESERVA,ID_GRUPO) VALUES ('2-0','2019-11-09','09:00:00','6-0','6-0','-',30,32,112,10);

INSERT INTO enfrentamiento (RESULTADO,FECHA,HORA,SET1,SET2,SET3,PAREJA1,PAREJA2,ID_RESERVA,ID_GRUPO) VALUES ('2-0','2019-11-07','09:00:00','6-0','6-0','-',31,32,113,10);




-- 1F
INSERT INTO enfrentamiento (RESULTADO,FECHA,HORA,SET1,SET2,SET3,PAREJA1,PAREJA2,ID_RESERVA,ID_GRUPO) VALUES ('2-0','2019-11-01','10:30:00','6-0','6-0','-',33,34,114,13);
INSERT INTO enfrentamiento (RESULTADO,FECHA,HORA,SET1,SET2,SET3,PAREJA1,PAREJA2,ID_RESERVA,ID_GRUPO) VALUES ('2-0','2019-11-04','10:30:00','6-0','6-0','-',33,35,115,13);
INSERT INTO enfrentamiento (RESULTADO,FECHA,HORA,SET1,SET2,SET3,PAREJA1,PAREJA2,ID_RESERVA,ID_GRUPO) VALUES ('2-0','2019-11-07','10:30:00','6-0','6-0','-',33,36,116,13);
INSERT INTO enfrentamiento (RESULTADO,FECHA,HORA,SET1,SET2,SET3,PAREJA1,PAREJA2,ID_RESERVA,ID_GRUPO) VALUES ('2-0','2019-11-10','10:30:00','6-0','6-0','-',33,37,117,13);
INSERT INTO enfrentamiento (RESULTADO,FECHA,HORA,SET1,SET2,SET3,PAREJA1,PAREJA2,ID_RESERVA,ID_GRUPO) VALUES ('2-0','2019-11-13','10:30:00','6-0','6-0','-',33,38,118,13);
INSERT INTO enfrentamiento (RESULTADO,FECHA,HORA,SET1,SET2,SET3,PAREJA1,PAREJA2,ID_RESERVA,ID_GRUPO) VALUES (NULL,'2019-11-16','10:30:00',NULL,NULL,NULL,33,39,119,13);
INSERT INTO enfrentamiento (RESULTADO,FECHA,HORA,SET1,SET2,SET3,PAREJA1,PAREJA2,ID_RESERVA,ID_GRUPO) VALUES (NULL,'2019-11-19','10:30:00',NULL,NULL,NULL,33,40,120,13);

INSERT INTO enfrentamiento (RESULTADO,FECHA,HORA,SET1,SET2,SET3,PAREJA1,PAREJA2,ID_RESERVA,ID_GRUPO) VALUES ('2-0','2019-11-02','10:30:00','6-0','6-0','-',34,35,121,13);
INSERT INTO enfrentamiento (RESULTADO,FECHA,HORA,SET1,SET2,SET3,PAREJA1,PAREJA2,ID_RESERVA,ID_GRUPO) VALUES ('2-0','2019-11-05','10:30:00','6-0','6-0','-',34,36,122,13);
INSERT INTO enfrentamiento (RESULTADO,FECHA,HORA,SET1,SET2,SET3,PAREJA1,PAREJA2,ID_RESERVA,ID_GRUPO) VALUES ('2-0','2019-11-08','10:30:00','6-0','6-0','-',34,37,123,13);
INSERT INTO enfrentamiento (RESULTADO,FECHA,HORA,SET1,SET2,SET3,PAREJA1,PAREJA2,ID_RESERVA,ID_GRUPO) VALUES ('2-0','2019-11-11','10:30:00','6-0','6-0','-',34,38,124,13);
INSERT INTO enfrentamiento (RESULTADO,FECHA,HORA,SET1,SET2,SET3,PAREJA1,PAREJA2,ID_RESERVA,ID_GRUPO) VALUES (NULL,'2019-11-14','10:30:00',NULL,NULL,NULL,34,39,125,13);
INSERT INTO enfrentamiento (RESULTADO,FECHA,HORA,SET1,SET2,SET3,PAREJA1,PAREJA2,ID_RESERVA,ID_GRUPO) VALUES ('2-0','2019-11-17','10:30:00','6-0','6-0','-',34,40,126,13);

INSERT INTO enfrentamiento (RESULTADO,FECHA,HORA,SET1,SET2,SET3,PAREJA1,PAREJA2,ID_RESERVA,ID_GRUPO) VALUES ('2-0','2019-11-03','10:30:00','6-0','6-0','-',35,36,127,13);
INSERT INTO enfrentamiento (RESULTADO,FECHA,HORA,SET1,SET2,SET3,PAREJA1,PAREJA2,ID_RESERVA,ID_GRUPO) VALUES ('2-0','2019-11-06','10:30:00','6-0','6-0','-',35,37,128,13);
INSERT INTO enfrentamiento (RESULTADO,FECHA,HORA,SET1,SET2,SET3,PAREJA1,PAREJA2,ID_RESERVA,ID_GRUPO) VALUES ('2-0','2019-11-09','10:30:00','6-0','6-0','-',35,38,129,13);
INSERT INTO enfrentamiento (RESULTADO,FECHA,HORA,SET1,SET2,SET3,PAREJA1,PAREJA2,ID_RESERVA,ID_GRUPO) VALUES ('2-0','2019-11-12','10:30:00','6-0','6-0','-',35,39,130,13);
INSERT INTO enfrentamiento (RESULTADO,FECHA,HORA,SET1,SET2,SET3,PAREJA1,PAREJA2,ID_RESERVA,ID_GRUPO) VALUES (NULL,'2019-11-15','10:30:00',NULL,NULL,NULL,35,40,131,13);

INSERT INTO enfrentamiento (RESULTADO,FECHA,HORA,SET1,SET2,SET3,PAREJA1,PAREJA2,ID_RESERVA,ID_GRUPO) VALUES ('2-0','2019-11-04','10:30:00','6-0','6-0','-',36,37,132,13);
INSERT INTO enfrentamiento (RESULTADO,FECHA,HORA,SET1,SET2,SET3,PAREJA1,PAREJA2,ID_RESERVA,ID_GRUPO) VALUES ('2-0','2019-11-07','10:30:00','6-0','6-0','-',36,38,133,13);
INSERT INTO enfrentamiento (RESULTADO,FECHA,HORA,SET1,SET2,SET3,PAREJA1,PAREJA2,ID_RESERVA,ID_GRUPO) VALUES ('2-0','2019-11-10','10:30:00','6-0','6-0','-',36,39,134,13);
INSERT INTO enfrentamiento (RESULTADO,FECHA,HORA,SET1,SET2,SET3,PAREJA1,PAREJA2,ID_RESERVA,ID_GRUPO) VALUES ('2-0','2019-11-13','10:30:00','6-0','6-0','-',36,40,135,13);

INSERT INTO enfrentamiento (RESULTADO,FECHA,HORA,SET1,SET2,SET3,PAREJA1,PAREJA2,ID_RESERVA,ID_GRUPO) VALUES ('2-0','2019-11-05','10:30:00','6-0','6-0','-',37,38,136,13);
INSERT INTO enfrentamiento (RESULTADO,FECHA,HORA,SET1,SET2,SET3,PAREJA1,PAREJA2,ID_RESERVA,ID_GRUPO) VALUES ('2-0','2019-11-08','10:30:00','6-0','6-0','-',37,39,137,13);
INSERT INTO enfrentamiento (RESULTADO,FECHA,HORA,SET1,SET2,SET3,PAREJA1,PAREJA2,ID_RESERVA,ID_GRUPO) VALUES ('2-0','2019-11-11','10:30:00','6-0','6-0','-',37,40,138,13);

INSERT INTO enfrentamiento (RESULTADO,FECHA,HORA,SET1,SET2,SET3,PAREJA1,PAREJA2,ID_RESERVA,ID_GRUPO) VALUES ('2-0','2019-11-06','10:30:00','6-0','6-0','-',38,39,139,13);
INSERT INTO enfrentamiento (RESULTADO,FECHA,HORA,SET1,SET2,SET3,PAREJA1,PAREJA2,ID_RESERVA,ID_GRUPO) VALUES ('2-0','2019-11-09','10:30:00','6-0','6-0','-',38,40,140,13);

INSERT INTO enfrentamiento (RESULTADO,FECHA,HORA,SET1,SET2,SET3,PAREJA1,PAREJA2,ID_RESERVA,ID_GRUPO) VALUES ('2-0','2019-11-07','10:30:00','6-0','6-0','-',39,40,141,13);




-- tabla PARTIDO
INSERT INTO partido (HORA,FECHA,PROMOCION,LOGIN1,LOGIN2,LOGIN3,LOGIN4,ID_RESERVA) VALUES ('10:30:00','2019-11-15',1,'asconcepcion','walther','omar','javier',1);

INSERT INTO partido (HORA,FECHA,PROMOCION,LOGIN1,LOGIN2,LOGIN3,LOGIN4,ID_RESERVA) VALUES ('18:00:00','2019-12-14',1,NULL,NULL,NULL,NULL,NULL);
INSERT INTO partido (HORA,FECHA,PROMOCION,LOGIN1,LOGIN2,LOGIN3,LOGIN4,ID_RESERVA) VALUES ('18:00:00','2019-12-14',1,'axel','slash','ozzy','tommy',142);
INSERT INTO partido (HORA,FECHA,PROMOCION,LOGIN1,LOGIN2,LOGIN3,LOGIN4,ID_RESERVA) VALUES ('18:00:00','2019-12-14',1,'omar','oscar','javier',NULL,NULL);
INSERT INTO partido (HORA,FECHA,PROMOCION,LOGIN1,LOGIN2,LOGIN3,LOGIN4,ID_RESERVA) VALUES ('18:00:00','2019-12-14',1,'elliot','alvaro','paulapeppers',NULL,NULL);



-- INSERT INTO reserva (ID_PISTA,HORA,FECHA,LOGIN) VALUES (1,'18:00:00','2019-12-14','admin');
INSERT INTO reserva (ID_PISTA,HORA,FECHA,LOGIN) VALUES (2,'18:00:00','2019-12-14','admin');
INSERT INTO reserva (ID_PISTA,HORA,FECHA,LOGIN) VALUES (3,'18:00:00','2019-12-14','admin');
INSERT INTO reserva (ID_PISTA,HORA,FECHA,LOGIN) VALUES (4,'18:00:00','2019-12-14','admin');
INSERT INTO reserva (ID_PISTA,HORA,FECHA,LOGIN) VALUES (5,'18:00:00','2019-12-14','admin');


